id,full_name,email,phone,city,state
p0,Linda Smith,linda.smith0@yahoo.com,+12145550000,Tulsa,OK
p1,Jennifer Davis,jennifer.davis1@gmail.com,+12145550001,Dallas,TX
p2,Steven Nguyen,steven.nguyen2@gmail.com,+12145550002,Plano,TX
p3,Maria Lopez,maria.lopez3@gmail.com,+12145550003,Austin,TX
p4,Amy Lopez,amy.lopez4@example.com,+12145550004,Phoenix,AZ
p5,Jennifer Patel,jennifer.patel5@outlook.com,+12145550005,Atlanta,GA
p6,Robert Martinez,robert.martinez6@outlook.com,+12145550006,Tampa,FL
p7,William Davis,william.davis7@outlook.com,+12145550007,Austin,TX
p8,Linda Garcia,linda.garcia8@gmail.com,+12145550008,Tampa,FL
p9,Susan Jackson,susan.jackson9@outlook.com,+12145550009,Atlanta,GA
p10,James Patel,james.patel10@gmail.com,+12145550010,Phoenix,AZ
p11,Thomas Garcia,thomas.garcia11@outlook.com,+12145550011,Phoenix,AZ
p12,Angela Jackson,angela.jackson12@yahoo.com,+12145550012,Atlanta,GA
p13,Maria Johnson,maria.johnson13@outlook.com,+12145550013,Austin,TX
p14,Maria Wilson,maria.wilson14@example.com,+12145550014,Dallas,TX
p15,William Patel,william.patel15@yahoo.com,+12145550015,Miami,FL
p16,Susan Jackson,susan.jackson16@outlook.com,+12145550016,Austin,TX
p17,Maria Hall,maria.hall17@yahoo.com,+12145550017,Frisco,TX
p18,Sarah Patel,sarah.patel18@outlook.com,+12145550018,Tampa,FL
p19,Amy Wilson,amy.wilson19@gmail.com,+12145550019,Miami,FL
p20,Jennifer Johnson,jennifer.johnson20@example.com,+12145550020,Miami,FL
p21,William Garcia,william.garcia21@outlook.com,+12145550021,Austin,TX
p22,David Kim,david.kim22@example.com,+12145550022,Tampa,FL
p23,Michael Anderson,michael.anderson23@yahoo.com,+12145550023,Frisco,TX
p24,Amy Walker,amy.walker24@example.com,+12145550024,Tulsa,OK
p25,Steven Lee,steven.lee25@yahoo.com,+12145550025,Miami,FL
p26,Michael Brown,michael.brown26@gmail.com,+12145550026,Denver,CO
p27,James Miller,james.miller27@yahoo.com,+12145550027,Frisco,TX
p28,Nancy Hall,nancy.hall28@example.com,+12145550028,Dallas,TX
p29,Thomas Hall,thomas.hall29@outlook.com,+12145550029,Denver,CO
p30,Amy Smith,amy.smith30@outlook.com,+12145550030,Dallas,TX
p31,Carlos Miller,carlos.miller31@example.com,+12145550031,Tulsa,OK
p32,Sarah Patel,sarah.patel32@outlook.com,+12145550032,Plano,TX
p33,Daniel Martinez,daniel.martinez33@gmail.com,+12145550033,Phoenix,AZ
p34,Karen Brown,karen.brown34@yahoo.com,+12145550034,Atlanta,GA
p35,Michael Jackson,michael.jackson35@gmail.com,+12145550035,Frisco,TX
p36,Angela Moore,angela.moore36@gmail.com,+12145550036,Denver,CO
p37,Linda Jackson,linda.jackson37@yahoo.com,+12145550037,Tulsa,OK
p38,James Wilson,james.wilson38@gmail.com,+12145550038,Atlanta,GA
p39,Maria Kim,maria.kim39@yahoo.com,+12145550039,Dallas,TX
p40,Michael Kim,michael.kim40@yahoo.com,+12145550040,Phoenix,AZ
p41,William Brown,william.brown41@example.com,+12145550041,Atlanta,GA
p42,David Walker,david.walker42@outlook.com,+12145550042,Austin,TX
p43,Thomas Jackson,thomas.jackson43@example.com,+12145550043,Denver,CO
p44,Linda Wilson,linda.wilson44@gmail.com,+12145550044,Austin,TX
p45,Carlos Smith,carlos.smith45@yahoo.com,+12145550045,Atlanta,GA
p46,Steven Wilson,steven.wilson46@gmail.com,+12145550046,Plano,TX
p47,James Wilson,james.wilson47@gmail.com,+12145550047,Dallas,TX
p48,Carlos Garcia,carlos.garcia48@yahoo.com,+12145550048,Phoenix,AZ
p49,William Kim,william.kim49@yahoo.com,+12145550049,Austin,TX
p50,Steven Young,steven.young50@yahoo.com,+12145550050,Denver,CO
p51,Laura Nguyen,laura.nguyen51@gmail.com,+12145550051,Austin,TX
p52,Linda Nguyen,linda.nguyen52@example.com,+12145550052,Miami,FL
p53,Nancy Patel,nancy.patel53@gmail.com,+12145550053,Plano,TX
p54,James Lee,james.lee54@gmail.com,+12145550054,Miami,FL
p55,Jennifer Lopez,jennifer.lopez55@example.com,+12145550055,Austin,TX
p56,Michael Nguyen,michael.nguyen56@outlook.com,+12145550056,Frisco,TX
p57,Miguel Wilson,miguel.wilson57@example.com,+12145550057,Dallas,TX
p58,Amy Miller,amy.miller58@gmail.com,+12145550058,Plano,TX
p59,Maria Wilson,maria.wilson59@example.com,+12145550059,Frisco,TX
p60,Laura Kim,laura.kim60@example.com,+12145550060,Austin,TX
p61,James Martinez,james.martinez61@gmail.com,+12145550061,Tampa,FL
p62,Thomas Anderson,thomas.anderson62@outlook.com,+12145550062,Denver,CO
p63,Nancy Walker,nancy.walker63@yahoo.com,+12145550063,Denver,CO
p64,David Taylor,david.taylor64@gmail.com,+12145550064,Austin,TX
p65,Steven Walker,steven.walker65@outlook.com,+12145550065,Plano,TX
p66,James Johnson,james.johnson66@example.com,+12145550066,Atlanta,GA
p67,Daniel Brown,daniel.brown67@gmail.com,+12145550067,Frisco,TX
p68,Daniel Garcia,daniel.garcia68@gmail.com,+12145550068,Frisco,TX
p69,Angela Garcia,angela.garcia69@example.com,+12145550069,Austin,TX
p70,Linda Young,linda.young70@gmail.com,+12145550070,Austin,TX
p71,Angela Garcia,angela.garcia71@outlook.com,+12145550071,Tampa,FL
p72,William Lopez,william.lopez72@yahoo.com,+12145550072,Miami,FL
p73,William Lee,william.lee73@outlook.com,+12145550073,Frisco,TX
p74,Miguel Moore,miguel.moore74@gmail.com,+12145550074,Dallas,TX
p75,Miguel Hall,miguel.hall75@gmail.com,+12145550075,Atlanta,GA
p76,Maria Walker,maria.walker76@outlook.com,+12145550076,Austin,TX
p77,Michael Jackson,michael.jackson77@yahoo.com,+12145550077,Dallas,TX
p78,Susan Taylor,susan.taylor78@example.com,+12145550078,Frisco,TX
p79,Amy Taylor,amy.taylor79@gmail.com,+12145550079,Atlanta,GA
p80,Amy Taylor,amy.taylor80@yahoo.com,+12145550080,Dallas,TX
p81,William Miller,william.miller81@yahoo.com,+12145550081,Dallas,TX
p82,William Taylor,william.taylor82@yahoo.com,+12145550082,Atlanta,GA
p83,Carlos Lopez,carlos.lopez83@example.com,+12145550083,Tulsa,OK
p84,William Johnson,william.johnson84@example.com,+12145550084,Dallas,TX
p85,William Johnson,william.johnson85@outlook.com,+12145550085,Plano,TX
p86,Michael Anderson,michael.anderson86@example.com,+12145550086,Frisco,TX
p87,Amy Nguyen,amy.nguyen87@gmail.com,+12145550087,Phoenix,AZ
p88,Linda Garcia,linda.garcia88@gmail.com,+12145550088,Frisco,TX
p89,Susan Young,susan.young89@yahoo.com,+12145550089,Phoenix,AZ
p90,Nancy Davis,nancy.davis90@outlook.com,+12145550090,Plano,TX
p91,Susan Johnson,susan.johnson91@yahoo.com,+12145550091,Miami,FL
p92,Jennifer Miller,jennifer.miller92@example.com,+12145550092,Miami,FL
p93,Angela Davis,angela.davis93@yahoo.com,+12145550093,Austin,TX
p94,Sarah Nguyen,sarah.nguyen94@yahoo.com,+12145550094,Plano,TX
p95,Carlos Nguyen,carlos.nguyen95@outlook.com,+12145550095,Austin,TX
p96,Sarah Miller,sarah.miller96@gmail.com,+12145550096,Tampa,FL
p97,Laura Wilson,laura.wilson97@example.com,+12145550097,Austin,TX
p98,Susan Taylor,susan.taylor98@yahoo.com,+12145550098,Austin,TX
p99,Robert Lopez,robert.lopez99@outlook.com,+12145550099,Tampa,FL
p100,William Garcia,william.garcia100@outlook.com,+12145550100,Tulsa,OK
p101,Daniel Lee,daniel.lee101@outlook.com,+12145550101,Phoenix,AZ
p102,Robert Miller,robert.miller102@yahoo.com,+12145550102,Tulsa,OK
p103,Steven Anderson,steven.anderson103@gmail.com,+12145550103,Plano,TX
p104,Angela Nguyen,angela.nguyen104@outlook.com,+12145550104,Miami,FL
p105,Nancy Hall,nancy.hall105@gmail.com,+12145550105,Phoenix,AZ
p106,Thomas Young,thomas.young106@outlook.com,+12145550106,Austin,TX
p107,James Nguyen,james.nguyen107@yahoo.com,+12145550107,Plano,TX
p108,Susan Nguyen,susan.nguyen108@outlook.com,+12145550108,Dallas,TX
p109,Angela Moore,angela.moore109@outlook.com,+12145550109,Dallas,TX
p110,Daniel Taylor,daniel.taylor110@outlook.com,+12145550110,Tampa,FL
p111,Thomas Taylor,thomas.taylor111@yahoo.com,+12145550111,Phoenix,AZ
p112,David Nguyen,david.nguyen112@yahoo.com,+12145550112,Tampa,FL
p113,Angela Young,angela.young113@example.com,+12145550113,Tulsa,OK
p114,Amy Smith,amy.smith114@outlook.com,+12145550114,Tulsa,OK
p115,David Nguyen,david.nguyen115@outlook.com,+12145550115,Atlanta,GA
p116,Miguel Patel,miguel.patel116@yahoo.com,+12145550116,Denver,CO
p117,Daniel Kim,daniel.kim117@gmail.com,+12145550117,Frisco,TX
p118,Karen Brown,karen.brown118@outlook.com,+12145550118,Atlanta,GA
p119,Maria Wilson,maria.wilson119@yahoo.com,+12145550119,Tulsa,OK
p120,David Davis,david.davis120@gmail.com,+12145550120,Plano,TX
p121,Jennifer Kim,jennifer.kim121@gmail.com,+12145550121,Atlanta,GA
p122,Miguel Nguyen,miguel.nguyen122@yahoo.com,+12145550122,Atlanta,GA
p123,Thomas Kim,thomas.kim123@yahoo.com,+12145550123,Tampa,FL
p124,Michael Smith,michael.smith124@example.com,+12145550124,Dallas,TX
p125,Jennifer Martinez,jennifer.martinez125@example.com,+12145550125,Phoenix,AZ
p126,James Walker,james.walker126@gmail.com,+12145550126,Austin,TX
p127,Miguel Davis,miguel.davis127@outlook.com,+12145550127,Denver,CO
p128,Miguel Hall,miguel.hall128@example.com,+12145550128,Phoenix,AZ
p129,Amy Patel,amy.patel129@example.com,+12145550129,Frisco,TX
p130,Miguel Anderson,miguel.anderson130@outlook.com,+12145550130,Austin,TX
p131,Daniel Kim,daniel.kim131@outlook.com,+12145550131,Austin,TX
p132,Miguel Garcia,miguel.garcia132@yahoo.com,+12145550132,Tulsa,OK
p133,William Moore,william.moore133@gmail.com,+12145550133,Miami,FL
p134,Michael Davis,michael.davis134@example.com,+12145550134,Austin,TX
p135,Michael Lopez,michael.lopez135@example.com,+12145550135,Dallas,TX
p136,Nancy Moore,nancy.moore136@example.com,+12145550136,Phoenix,AZ
p137,Nancy Johnson,nancy.johnson137@example.com,+12145550137,Austin,TX
p138,Thomas Young,thomas.young138@example.com,+12145550138,Plano,TX
p139,Laura Smith,laura.smith139@outlook.com,+12145550139,Miami,FL
p140,Thomas Nguyen,thomas.nguyen140@yahoo.com,+12145550140,Phoenix,AZ
p141,Laura Wilson,laura.wilson141@example.com,+12145550141,Tulsa,OK
p142,Laura Smith,laura.smith142@outlook.com,+12145550142,Tampa,FL
p143,Thomas Martinez,thomas.martinez143@yahoo.com,+12145550143,Denver,CO
p144,Angela Walker,angela.walker144@example.com,+12145550144,Plano,TX
p145,Steven Young,steven.young145@gmail.com,+12145550145,Plano,TX
p146,Nancy Davis,nancy.davis146@yahoo.com,+12145550146,Denver,CO
p147,James Anderson,james.anderson147@outlook.com,+12145550147,Tampa,FL
p148,David Patel,david.patel148@outlook.com,+12145550148,Miami,FL
p149,Thomas Anderson,thomas.anderson149@outlook.com,+12145550149,Tampa,FL
p150,Maria Kim,maria.kim150@gmail.com,+12145550150,Plano,TX
p151,Susan Wilson,susan.wilson151@gmail.com,+12145550151,Dallas,TX
p152,Robert Wilson,robert.wilson152@gmail.com,+12145550152,Austin,TX
p153,Angela Davis,angela.davis153@yahoo.com,+12145550153,Austin,TX
p154,Laura Miller,laura.miller154@yahoo.com,+12145550154,Atlanta,GA
p155,Miguel Anderson,miguel.anderson155@yahoo.com,+12145550155,Miami,FL
p156,Angela Hall,angela.hall156@yahoo.com,+12145550156,Dallas,TX
p157,Karen Miller,karen.miller157@gmail.com,+12145550157,Atlanta,GA
p158,Karen Young,karen.young158@example.com,+12145550158,Tampa,FL
p159,David Garcia,david.garcia159@yahoo.com,+12145550159,Atlanta,GA
p160,Linda Taylor,linda.taylor160@gmail.com,+12145550160,Atlanta,GA
p161,Steven Johnson,steven.johnson161@example.com,+12145550161,Miami,FL
p162,Susan Garcia,susan.garcia162@outlook.com,+12145550162,Phoenix,AZ
p163,Robert Nguyen,robert.nguyen163@gmail.com,+12145550163,Denver,CO
p164,Nancy Jackson,nancy.jackson164@yahoo.com,+12145550164,Denver,CO
p165,Nancy Martinez,nancy.martinez165@outlook.com,+12145550165,Phoenix,AZ
p166,Angela Walker,angela.walker166@example.com,+12145550166,Denver,CO
p167,Nancy Young,nancy.young167@outlook.com,+12145550167,Tulsa,OK
p168,Jennifer Garcia,jennifer.garcia168@example.com,+12145550168,Tulsa,OK
p169,Jennifer Patel,jennifer.patel169@example.com,+12145550169,Atlanta,GA
p170,Carlos Smith,carlos.smith170@outlook.com,+12145550170,Denver,CO
p171,Sarah Kim,sarah.kim171@outlook.com,+12145550171,Austin,TX
p172,William Moore,william.moore172@outlook.com,+12145550172,Tulsa,OK
p173,Amy Smith,amy.smith173@yahoo.com,+12145550173,Phoenix,AZ
p174,Maria Wilson,maria.wilson174@example.com,+12145550174,Tampa,FL
p175,Amy Wilson,amy.wilson175@example.com,+12145550175,Denver,CO
p176,Miguel Smith,miguel.smith176@outlook.com,+12145550176,Dallas,TX
p177,Jennifer Lee,jennifer.lee177@outlook.com,+12145550177,Austin,TX
p178,Steven Jackson,steven.jackson178@outlook.com,+12145550178,Denver,CO
p179,Nancy Walker,nancy.walker179@outlook.com,+12145550179,Miami,FL
p180,Miguel Anderson,miguel.anderson180@outlook.com,+12145550180,Tulsa,OK
p181,Jennifer Miller,jennifer.miller181@outlook.com,+12145550181,Austin,TX
p182,Linda Walker,linda.walker182@yahoo.com,+12145550182,Frisco,TX
p183,David Kim,david.kim183@outlook.com,+12145550183,Tulsa,OK
p184,Linda Lopez,linda.lopez184@yahoo.com,+12145550184,Tulsa,OK
p185,Susan Martinez,susan.martinez185@gmail.com,+12145550185,Tulsa,OK
p186,Amy Davis,amy.davis186@gmail.com,+12145550186,Tulsa,OK
p187,James Walker,james.walker187@yahoo.com,+12145550187,Tulsa,OK
p188,Laura Miller,laura.miller188@outlook.com,+12145550188,Plano,TX
p189,Laura Kim,laura.kim189@outlook.com,+12145550189,Denver,CO
p190,Sarah Johnson,sarah.johnson190@example.com,+12145550190,Tulsa,OK
p191,Linda Garcia,linda.garcia191@example.com,+12145550191,Tampa,FL
p192,Maria Young,maria.young192@yahoo.com,+12145550192,Plano,TX
p193,Michael Young,michael.young193@gmail.com,+12145550193,Tulsa,OK
p194,Jennifer Miller,jennifer.miller194@example.com,+12145550194,Phoenix,AZ
p195,Angela Hall,angela.hall195@yahoo.com,+12145550195,Atlanta,GA
p196,Daniel Lee,daniel.lee196@example.com,+12145550196,Denver,CO
p197,Karen Young,karen.young197@outlook.com,+12145550197,Tampa,FL
p198,Steven Hall,steven.hall198@gmail.com,+12145550198,Plano,TX
p199,David Lopez,david.lopez199@gmail.com,+12145550199,Tulsa,OK
p200,Sarah Wilson,sarah.wilson200@gmail.com,+12145550200,Frisco,TX
p201,Sarah Smith,sarah.smith201@example.com,+12145550201,Tampa,FL
p202,Angela Kim,angela.kim202@gmail.com,+12145550202,Tulsa,OK
p203,Jennifer Taylor,jennifer.taylor203@example.com,+12145550203,Tulsa,OK
p204,Maria Wilson,maria.wilson204@yahoo.com,+12145550204,Tulsa,OK
p205,Nancy Miller,nancy.miller205@yahoo.com,+12145550205,Phoenix,AZ
p206,Michael Anderson,michael.anderson206@gmail.com,+12145550206,Frisco,TX
p207,James Martinez,james.martinez207@outlook.com,+12145550207,Tulsa,OK
p208,Miguel Miller,miguel.miller208@outlook.com,+12145550208,Denver,CO
p209,Thomas Anderson,thomas.anderson209@example.com,+12145550209,Phoenix,AZ
p210,Miguel Garcia,miguel.garcia210@gmail.com,+12145550210,Atlanta,GA
p211,Nancy Moore,nancy.moore211@outlook.com,+12145550211,Atlanta,GA
p212,Robert Garcia,robert.garcia212@gmail.com,+12145550212,Austin,TX
p213,William Young,william.young213@yahoo.com,+12145550213,Plano,TX
p214,Laura Brown,laura.brown214@outlook.com,+12145550214,Denver,CO
p215,Sarah Young,sarah.young215@example.com,+12145550215,Tampa,FL
p216,Maria Kim,maria.kim216@example.com,+12145550216,Miami,FL
p217,Carlos Moore,carlos.moore217@yahoo.com,+12145550217,Dallas,TX
p218,Carlos Nguyen,carlos.nguyen218@outlook.com,+12145550218,Denver,CO
p219,Thomas Walker,thomas.walker219@example.com,+12145550219,Plano,TX
p220,Maria Moore,maria.moore220@outlook.com,+12145550220,Tulsa,OK
p221,Linda Lee,linda.lee221@gmail.com,+12145550221,Phoenix,AZ
p222,Amy Patel,amy.patel222@gmail.com,+12145550222,Tampa,FL
p223,David Brown,david.brown223@example.com,+12145550223,Miami,FL
p224,Miguel Johnson,miguel.johnson224@outlook.com,+12145550224,Austin,TX
p225,Amy Davis,amy.davis225@example.com,+12145550225,Tulsa,OK
p226,Laura Miller,laura.miller226@yahoo.com,+12145550226,Plano,TX
p227,Sarah Taylor,sarah.taylor227@gmail.com,+12145550227,Phoenix,AZ
p228,Amy Nguyen,amy.nguyen228@yahoo.com,+12145550228,Dallas,TX
p229,Linda Patel,linda.patel229@yahoo.com,+12145550229,Dallas,TX
p230,Laura Taylor,laura.taylor230@outlook.com,+12145550230,Phoenix,AZ
p231,Nancy Kim,nancy.kim231@yahoo.com,+12145550231,Denver,CO
p232,Miguel Walker,miguel.walker232@example.com,+12145550232,Frisco,TX
p233,David Hall,david.hall233@yahoo.com,+12145550233,Phoenix,AZ
p234,Maria Anderson,maria.anderson234@outlook.com,+12145550234,Tampa,FL
p235,Daniel Anderson,daniel.anderson235@outlook.com,+12145550235,Plano,TX
p236,Karen Young,karen.young236@example.com,+12145550236,Atlanta,GA
p237,Michael Patel,michael.patel237@example.com,+12145550237,Phoenix,AZ
p238,Susan Moore,susan.moore238@example.com,+12145550238,Phoenix,AZ
p239,Miguel Moore,miguel.moore239@yahoo.com,+12145550239,Austin,TX
p240,Steven Lee,steven.lee240@example.com,+12145550240,Austin,TX
p241,James Moore,james.moore241@example.com,+12145550241,Denver,CO
p242,Thomas Davis,thomas.davis242@gmail.com,+12145550242,Denver,CO
p243,Michael Brown,michael.brown243@outlook.com,+12145550243,Atlanta,GA
p244,Linda Patel,linda.patel244@example.com,+12145550244,Dallas,TX
p245,Robert Davis,robert.davis245@yahoo.com,+12145550245,Tampa,FL
p246,Maria Kim,maria.kim246@outlook.com,+12145550246,Tulsa,OK
p247,Angela Lee,angela.lee247@outlook.com,+12145550247,Dallas,TX
p248,Amy Lee,amy.lee248@example.com,+12145550248,Miami,FL
p249,Amy Johnson,amy.johnson249@gmail.com,+12145550249,Atlanta,GA
p250,Jennifer Taylor,jennifer.taylor250@gmail.com,+12145550250,Austin,TX
p251,Nancy Miller,nancy.miller251@example.com,+12145550251,Dallas,TX
p252,Sarah Taylor,sarah.taylor252@gmail.com,+12145550252,Plano,TX
p253,Carlos Johnson,carlos.johnson253@outlook.com,+12145550253,Tulsa,OK
p254,Susan Nguyen,susan.nguyen254@yahoo.com,+12145550254,Frisco,TX
p255,Daniel Nguyen,daniel.nguyen255@yahoo.com,+12145550255,Atlanta,GA
p256,Sarah Martinez,sarah.martinez256@example.com,+12145550256,Dallas,TX
p257,Angela Wilson,angela.wilson257@yahoo.com,+12145550257,Denver,CO
p258,Jennifer Patel,jennifer.patel258@example.com,+12145550258,Tulsa,OK
p259,William Smith,william.smith259@outlook.com,+12145550259,Denver,CO
p260,Amy Martinez,amy.martinez260@example.com,+12145550260,Dallas,TX
p261,Susan Young,susan.young261@example.com,+12145550261,Tulsa,OK
p262,William Patel,william.patel262@yahoo.com,+12145550262,Tulsa,OK
p263,Thomas Kim,thomas.kim263@yahoo.com,+12145550263,Dallas,TX
p264,Thomas Young,thomas.young264@outlook.com,+12145550264,Miami,FL
p265,Karen Smith,karen.smith265@outlook.com,+12145550265,Tampa,FL
p266,Robert Young,robert.young266@example.com,+12145550266,Plano,TX
p267,Karen Wilson,karen.wilson267@outlook.com,+12145550267,Atlanta,GA
p268,Jennifer Lopez,jennifer.lopez268@outlook.com,+12145550268,Atlanta,GA
p269,Michael Miller,michael.miller269@outlook.com,+12145550269,Plano,TX
p270,Miguel Johnson,miguel.johnson270@outlook.com,+12145550270,Atlanta,GA
p271,Michael Garcia,michael.garcia271@outlook.com,+12145550271,Tulsa,OK
p272,Nancy Martinez,nancy.martinez272@yahoo.com,+12145550272,Austin,TX
p273,Amy Jackson,amy.jackson273@outlook.com,+12145550273,Phoenix,AZ
p274,Sarah Anderson,sarah.anderson274@outlook.com,+12145550274,Denver,CO
p275,Carlos Miller,carlos.miller275@gmail.com,+12145550275,Denver,CO
p276,Michael Wilson,michael.wilson276@outlook.com,+12145550276,Tampa,FL
p277,Maria Lee,maria.lee277@outlook.com,+12145550277,Plano,TX
p278,Amy Miller,amy.miller278@outlook.com,+12145550278,Denver,CO
p279,William Young,william.young279@outlook.com,+12145550279,Tampa,FL
p280,Linda Wilson,linda.wilson280@gmail.com,+12145550280,Denver,CO
p281,Angela Walker,angela.walker281@yahoo.com,+12145550281,Miami,FL
p282,Maria Patel,maria.patel282@example.com,+12145550282,Tulsa,OK
p283,Linda Davis,linda.davis283@gmail.com,+12145550283,Plano,TX
p284,Karen Kim,karen.kim284@gmail.com,+12145550284,Dallas,TX
p285,Jennifer Walker,jennifer.walker285@example.com,+12145550285,Frisco,TX
p286,Miguel Jackson,miguel.jackson286@example.com,+12145550286,Phoenix,AZ
p287,Steven Davis,steven.davis287@gmail.com,+12145550287,Tampa,FL
p288,Laura Hall,laura.hall288@outlook.com,+12145550288,Tampa,FL
p289,James Jackson,james.jackson289@example.com,+12145550289,Austin,TX
p290,Miguel Wilson,miguel.wilson290@gmail.com,+12145550290,Miami,FL
p291,Susan Walker,susan.walker291@gmail.com,+12145550291,Miami,FL
p292,Thomas Anderson,thomas.anderson292@gmail.com,+12145550292,Austin,TX
p293,Miguel Garcia,miguel.garcia293@gmail.com,+12145550293,Austin,TX
p294,James Moore,james.moore294@yahoo.com,+12145550294,Austin,TX
p295,Steven Lopez,steven.lopez295@yahoo.com,+12145550295,Dallas,TX
p296,Steven Lopez,steven.lopez296@outlook.com,+12145550296,Austin,TX
p297,Michael Hall,michael.hall297@outlook.com,+12145550297,Plano,TX
p298,Michael Davis,michael.davis298@outlook.com,+12145550298,Phoenix,AZ
p299,Sarah Miller,sarah.miller299@yahoo.com,+12145550299,Plano,TX
p300,Robert Jackson,robert.jackson300@outlook.com,+12145550300,Austin,TX
p301,Robert Martinez,robert.martinez301@gmail.com,+12145550301,Tulsa,OK
p302,Michael Nguyen,michael.nguyen302@gmail.com,+12145550302,Phoenix,AZ
p303,Maria Kim,maria.kim303@outlook.com,+12145550303,Denver,CO
p304,Daniel Young,daniel.young304@example.com,+12145550304,Dallas,TX
p305,Daniel Wilson,daniel.wilson305@gmail.com,+12145550305,Atlanta,GA
p306,Daniel Taylor,daniel.taylor306@gmail.com,+12145550306,Denver,CO
p307,James Kim,james.kim307@example.com,+12145550307,Tampa,FL
p308,Linda Kim,linda.kim308@gmail.com,+12145550308,Denver,CO
p309,Maria Moore,maria.moore309@yahoo.com,+12145550309,Atlanta,GA
p310,Maria Davis,maria.davis310@outlook.com,+12145550310,Tulsa,OK
p311,Thomas Hall,thomas.hall311@outlook.com,+12145550311,Phoenix,AZ
p312,Miguel Brown,miguel.brown312@example.com,+12145550312,Atlanta,GA
p313,Linda Miller,linda.miller313@yahoo.com,+12145550313,Phoenix,AZ
p314,Nancy Patel,nancy.patel314@example.com,+12145550314,Austin,TX
p315,Carlos Patel,carlos.patel315@example.com,+12145550315,Tampa,FL
p316,Linda Moore,linda.moore316@outlook.com,+12145550316,Tampa,FL
p317,William Jackson,william.jackson317@example.com,+12145550317,Frisco,TX
p318,Maria Garcia,maria.garcia318@gmail.com,+12145550318,Dallas,TX
p319,Nancy Miller,nancy.miller319@yahoo.com,+12145550319,Miami,FL
p320,Amy Johnson,amy.johnson320@outlook.com,+12145550320,Atlanta,GA
p321,Linda Nguyen,linda.nguyen321@example.com,+12145550321,Miami,FL
p322,James Taylor,james.taylor322@outlook.com,+12145550322,Atlanta,GA
p323,Susan Miller,susan.miller323@yahoo.com,+12145550323,Atlanta,GA
p324,Michael Kim,michael.kim324@gmail.com,+12145550324,Austin,TX
p325,Susan Walker,susan.walker325@gmail.com,+12145550325,Miami,FL
p326,William Young,william.young326@example.com,+12145550326,Austin,TX
p327,Amy Hall,amy.hall327@gmail.com,+12145550327,Atlanta,GA
p328,Angela Anderson,angela.anderson328@yahoo.com,+12145550328,Plano,TX
p329,William Taylor,william.taylor329@outlook.com,+12145550329,Miami,FL
p330,Robert Martinez,robert.martinez330@example.com,+12145550330,Frisco,TX
p331,Maria Davis,maria.davis331@gmail.com,+12145550331,Plano,TX
p332,Daniel Lopez,daniel.lopez332@example.com,+12145550332,Tampa,FL
p333,Miguel Moore,miguel.moore333@outlook.com,+12145550333,Frisco,TX
p334,Karen Moore,karen.moore334@gmail.com,+12145550334,Atlanta,GA
p335,James Davis,james.davis335@gmail.com,+12145550335,Frisco,TX
p336,Maria Anderson,maria.anderson336@example.com,+12145550336,Denver,CO
p337,Laura Hall,laura.hall337@example.com,+12145550337,Denver,CO
p338,William Lopez,william.lopez338@gmail.com,+12145550338,Phoenix,AZ
p339,Susan Nguyen,susan.nguyen339@outlook.com,+12145550339,Dallas,TX
p340,Steven Kim,steven.kim340@outlook.com,+12145550340,Phoenix,AZ
p341,James Wilson,james.wilson341@gmail.com,+12145550341,Tampa,FL
p342,Robert Lopez,robert.lopez342@yahoo.com,+12145550342,Tulsa,OK
p343,Michael Anderson,michael.anderson343@outlook.com,+12145550343,Tulsa,OK
p344,Linda Smith,linda.smith344@example.com,+12145550344,Denver,CO
p345,Sarah Davis,sarah.davis345@yahoo.com,+12145550345,Tampa,FL
p346,Daniel Walker,daniel.walker346@gmail.com,+12145550346,Miami,FL
p347,Thomas Johnson,thomas.johnson347@gmail.com,+12145550347,Tampa,FL
p348,Miguel Garcia,miguel.garcia348@example.com,+12145550348,Miami,FL
p349,Steven Lee,steven.lee349@outlook.com,+12145550349,Tampa,FL
p350,Linda Lee,linda.lee350@outlook.com,+12145550350,Plano,TX
p351,Sarah Hall,sarah.hall351@outlook.com,+12145550351,Denver,CO
p352,Maria Nguyen,maria.nguyen352@yahoo.com,+12145550352,Dallas,TX
p353,Nancy Young,nancy.young353@gmail.com,+12145550353,Tampa,FL
p354,Thomas Taylor,thomas.taylor354@yahoo.com,+12145550354,Miami,FL
p355,Carlos Martinez,carlos.martinez355@gmail.com,+12145550355,Dallas,TX
p356,Daniel Brown,daniel.brown356@outlook.com,+12145550356,Austin,TX
p357,Susan Davis,susan.davis357@gmail.com,+12145550357,Austin,TX
p358,Michael Anderson,michael.anderson358@yahoo.com,+12145550358,Austin,TX
p359,Angela Davis,angela.davis359@yahoo.com,+12145550359,Dallas,TX
p360,Laura Patel,laura.patel360@example.com,+12145550360,Atlanta,GA
p361,Steven Hall,steven.hall361@outlook.com,+12145550361,Miami,FL
p362,Michael Patel,michael.patel362@example.com,+12145550362,Dallas,TX
p363,Miguel Taylor,miguel.taylor363@gmail.com,+12145550363,Tulsa,OK
p364,Susan Brown,susan.brown364@outlook.com,+12145550364,Dallas,TX
p365,Miguel Patel,miguel.patel365@gmail.com,+12145550365,Plano,TX
p366,Susan Taylor,susan.taylor366@gmail.com,+12145550366,Dallas,TX
p367,Angela Hall,angela.hall367@example.com,+12145550367,Phoenix,AZ
p368,Miguel Young,miguel.young368@gmail.com,+12145550368,Phoenix,AZ
p369,Miguel Young,miguel.young369@outlook.com,+12145550369,Austin,TX
p370,Angela Kim,angela.kim370@yahoo.com,+12145550370,Phoenix,AZ
p371,James Patel,james.patel371@outlook.com,+12145550371,Dallas,TX
p372,Maria Brown,maria.brown372@gmail.com,+12145550372,Frisco,TX
p373,Jennifer Patel,jennifer.patel373@yahoo.com,+12145550373,Denver,CO
p374,Susan Jackson,susan.jackson374@example.com,+12145550374,Tulsa,OK
p375,Nancy Moore,nancy.moore375@gmail.com,+12145550375,Atlanta,GA
p376,Carlos Garcia,carlos.garcia376@gmail.com,+12145550376,Miami,FL
p377,Amy Lee,amy.lee377@outlook.com,+12145550377,Tulsa,OK
p378,Angela Davis,angela.davis378@gmail.com,+12145550378,Miami,FL
p379,Steven Davis,steven.davis379@outlook.com,+12145550379,Miami,FL
p380,Thomas Davis,thomas.davis380@gmail.com,+12145550380,Atlanta,GA
p381,Karen Walker,karen.walker381@outlook.com,+12145550381,Tampa,FL
p382,Michael Brown,michael.brown382@example.com,+12145550382,Dallas,TX
p383,Daniel Jackson,daniel.jackson383@outlook.com,+12145550383,Plano,TX
p384,Karen Martinez,karen.martinez384@outlook.com,+12145550384,Austin,TX
p385,Laura Lopez,laura.lopez385@yahoo.com,+12145550385,Austin,TX
p386,Michael Garcia,michael.garcia386@gmail.com,+12145550386,Tulsa,OK
p387,Daniel Walker,daniel.walker387@gmail.com,+12145550387,Phoenix,AZ
p388,Carlos Hall,carlos.hall388@example.com,+12145550388,Frisco,TX
p389,Michael Martinez,michael.martinez389@yahoo.com,+12145550389,Frisco,TX
p390,Miguel Johnson,miguel.johnson390@outlook.com,+12145550390,Tampa,FL
p391,Jennifer Patel,jennifer.patel391@outlook.com,+12145550391,Atlanta,GA
p392,Miguel Wilson,miguel.wilson392@yahoo.com,+12145550392,Phoenix,AZ
p393,Karen Kim,karen.kim393@outlook.com,+12145550393,Austin,TX
p394,Steven Patel,steven.patel394@outlook.com,+12145550394,Denver,CO
p395,Thomas Brown,thomas.brown395@example.com,+12145550395,Phoenix,AZ
p396,Sarah Lopez,sarah.lopez396@yahoo.com,+12145550396,Atlanta,GA
p397,William Johnson,william.johnson397@outlook.com,+12145550397,Denver,CO
p398,Amy Miller,amy.miller398@gmail.com,+12145550398,Phoenix,AZ
p399,Karen Garcia,karen.garcia399@outlook.com,+12145550399,Frisco,TX
p400,Miguel Brown,miguel.brown400@example.com,+12145550400,Frisco,TX
p401,Maria Wilson,maria.wilson401@outlook.com,+12145550401,Denver,CO
p402,Robert Nguyen,robert.nguyen402@example.com,+12145550402,Plano,TX
p403,Daniel Jackson,daniel.jackson403@example.com,+12145550403,Austin,TX
p404,Maria Jackson,maria.jackson404@gmail.com,+12145550404,Austin,TX
p405,Carlos Miller,carlos.miller405@yahoo.com,+12145550405,Miami,FL
p406,Michael Johnson,michael.johnson406@example.com,+12145550406,Tulsa,OK
p407,Michael Kim,michael.kim407@gmail.com,+12145550407,Denver,CO
p408,Maria Smith,maria.smith408@yahoo.com,+12145550408,Tulsa,OK
p409,Michael Walker,michael.walker409@example.com,+12145550409,Atlanta,GA
p410,Linda Taylor,linda.taylor410@outlook.com,+12145550410,Austin,TX
p411,Linda Johnson,linda.johnson411@example.com,+12145550411,Austin,TX
p412,Angela Patel,angela.patel412@gmail.com,+12145550412,Dallas,TX
p413,Laura Hall,laura.hall413@gmail.com,+12145550413,Phoenix,AZ
p414,Daniel Young,daniel.young414@yahoo.com,+12145550414,Austin,TX
p415,Karen Nguyen,karen.nguyen415@outlook.com,+12145550415,Plano,TX
p416,Jennifer Young,jennifer.young416@yahoo.com,+12145550416,Tampa,FL
p417,Maria Brown,maria.brown417@gmail.com,+12145550417,Miami,FL
p418,Daniel Walker,daniel.walker418@gmail.com,+12145550418,Phoenix,AZ
p419,Thomas Kim,thomas.kim419@example.com,+12145550419,Plano,TX
p420,Susan Anderson,susan.anderson420@outlook.com,+12145550420,Plano,TX
p421,Maria Jackson,maria.jackson421@gmail.com,+12145550421,Austin,TX
p422,Steven Moore,steven.moore422@gmail.com,+12145550422,Frisco,TX
p423,Susan Walker,susan.walker423@yahoo.com,+12145550423,Miami,FL
p424,Miguel Kim,miguel.kim424@yahoo.com,+12145550424,Frisco,TX
p425,Maria Patel,maria.patel425@outlook.com,+12145550425,Plano,TX
p426,David Johnson,david.johnson426@gmail.com,+12145550426,Austin,TX
p427,Carlos Taylor,carlos.taylor427@example.com,+12145550427,Phoenix,AZ
p428,Amy Kim,amy.kim428@gmail.com,+12145550428,Tulsa,OK
p429,David Taylor,david.taylor429@gmail.com,+12145550429,Miami,FL
p430,Carlos Anderson,carlos.anderson430@outlook.com,+12145550430,Dallas,TX
p431,Nancy Lee,nancy.lee431@example.com,+12145550431,Denver,CO
p432,Carlos Martinez,carlos.martinez432@example.com,+12145550432,Denver,CO
p433,Susan Brown,susan.brown433@gmail.com,+12145550433,Tulsa,OK
p434,Nancy Garcia,nancy.garcia434@yahoo.com,+12145550434,Tampa,FL
p435,Amy Taylor,amy.taylor435@gmail.com,+12145550435,Miami,FL
p436,Maria Moore,maria.moore436@outlook.com,+12145550436,Tulsa,OK
p437,Miguel Hall,miguel.hall437@yahoo.com,+12145550437,Tampa,FL
p438,Miguel Jackson,miguel.jackson438@gmail.com,+12145550438,Denver,CO
p439,Susan Hall,susan.hall439@outlook.com,+12145550439,Tampa,FL
p440,James Garcia,james.garcia440@outlook.com,+12145550440,Tampa,FL
p441,Daniel Martinez,daniel.martinez441@yahoo.com,+12145550441,Plano,TX
p442,Angela Patel,angela.patel442@yahoo.com,+12145550442,Plano,TX
p443,Maria Wilson,maria.wilson443@outlook.com,+12145550443,Miami,FL
p444,Thomas Young,thomas.young444@yahoo.com,+12145550444,Plano,TX
p445,Miguel Jackson,miguel.jackson445@example.com,+12145550445,Miami,FL
p446,Maria Young,maria.young446@outlook.com,+12145550446,Frisco,TX
p447,Thomas Moore,thomas.moore447@yahoo.com,+12145550447,Tulsa,OK
p448,Linda Smith,linda.smith448@example.com,+12145550448,Frisco,TX
p449,Daniel Lee,daniel.lee449@gmail.com,+12145550449,Phoenix,AZ
p450,William Anderson,william.anderson450@yahoo.com,+12145550450,Denver,CO
p451,Angela Taylor,angela.taylor451@yahoo.com,+12145550451,Denver,CO
p452,Linda Davis,linda.davis452@example.com,+12145550452,Dallas,TX
p453,Sarah Patel,sarah.patel453@outlook.com,+12145550453,Dallas,TX
p454,Susan Garcia,susan.garcia454@outlook.com,+12145550454,Phoenix,AZ
p455,Karen Martinez,karen.martinez455@outlook.com,+12145550455,Frisco,TX
p456,Daniel Wilson,daniel.wilson456@yahoo.com,+12145550456,Dallas,TX
p457,Michael Wilson,michael.wilson457@gmail.com,+12145550457,Denver,CO
p458,Susan Walker,susan.walker458@outlook.com,+12145550458,Atlanta,GA
p459,Miguel Walker,miguel.walker459@gmail.com,+12145550459,Frisco,TX
p460,Maria Taylor,maria.taylor460@example.com,+12145550460,Tampa,FL
p461,Daniel Nguyen,daniel.nguyen461@gmail.com,+12145550461,Tampa,FL
p462,Michael Moore,michael.moore462@example.com,+12145550462,Dallas,TX
p463,Miguel Brown,miguel.brown463@yahoo.com,+12145550463,Miami,FL
p464,Amy Young,amy.young464@yahoo.com,+12145550464,Frisco,TX
p465,Nancy Brown,nancy.brown465@gmail.com,+12145550465,Plano,TX
p466,Daniel Davis,daniel.davis466@yahoo.com,+12145550466,Tulsa,OK
p467,Sarah Moore,sarah.moore467@outlook.com,+12145550467,Austin,TX
p468,Daniel Taylor,daniel.taylor468@outlook.com,+12145550468,Dallas,TX
p469,David Walker,david.walker469@yahoo.com,+12145550469,Tulsa,OK
p470,Karen Hall,karen.hall470@gmail.com,+12145550470,Phoenix,AZ
p471,Daniel Martinez,daniel.martinez471@yahoo.com,+12145550471,Atlanta,GA
p472,Sarah Hall,sarah.hall472@outlook.com,+12145550472,Atlanta,GA
p473,Steven Johnson,steven.johnson473@gmail.com,+12145550473,Plano,TX
p474,James Young,james.young474@yahoo.com,+12145550474,Tulsa,OK
p475,Steven Nguyen,steven.nguyen475@gmail.com,+12145550475,Atlanta,GA
p476,Laura Walker,laura.walker476@outlook.com,+12145550476,Tulsa,OK
p477,Laura Wilson,laura.wilson477@outlook.com,+12145550477,Tampa,FL
p478,Miguel Garcia,miguel.garcia478@yahoo.com,+12145550478,Plano,TX
p479,Miguel Nguyen,miguel.nguyen479@example.com,+12145550479,Denver,CO
p480,David Moore,david.moore480@yahoo.com,+12145550480,Atlanta,GA
p481,Carlos Moore,carlos.moore481@example.com,+12145550481,Miami,FL
p482,Michael Jackson,michael.jackson482@gmail.com,+12145550482,Phoenix,AZ
p483,Carlos Wilson,carlos.wilson483@gmail.com,+12145550483,Denver,CO
p484,William Patel,william.patel484@yahoo.com,+12145550484,Austin,TX
p485,Linda Johnson,linda.johnson485@example.com,+12145550485,Tulsa,OK
p486,Angela Nguyen,angela.nguyen486@yahoo.com,+12145550486,Austin,TX
p487,Carlos Young,carlos.young487@yahoo.com,+12145550487,Miami,FL
p488,Sarah Kim,sarah.kim488@example.com,+12145550488,Phoenix,AZ
p489,Laura Taylor,laura.taylor489@gmail.com,+12145550489,Denver,CO
p490,Maria Lee,maria.lee490@example.com,+12145550490,Phoenix,AZ
p491,Jennifer Lopez,jennifer.lopez491@outlook.com,+12145550491,Atlanta,GA
p492,James Johnson,james.johnson492@example.com,+12145550492,Tulsa,OK
p493,Angela Kim,angela.kim493@gmail.com,+12145550493,Tulsa,OK
p494,Linda Nguyen,linda.nguyen494@outlook.com,+12145550494,Frisco,TX
p495,Susan Lee,susan.lee495@gmail.com,+12145550495,Miami,FL
p496,Thomas Johnson,thomas.johnson496@yahoo.com,+12145550496,Atlanta,GA
p497,Susan Walker,susan.walker497@gmail.com,+12145550497,Tulsa,OK
p498,Thomas Brown,thomas.brown498@outlook.com,+12145550498,Denver,CO
p499,Angela Hall,angela.hall499@yahoo.com,+12145550499,Dallas,TX
p500,Linda Lee,linda.lee500@outlook.com,+12145550500,Miami,FL
p501,Amy Jackson,amy.jackson501@yahoo.com,+12145550501,Frisco,TX
p502,Angela Brown,angela.brown502@gmail.com,+12145550502,Tampa,FL
p503,James Johnson,james.johnson503@outlook.com,+12145550503,Frisco,TX
p504,Laura Brown,laura.brown504@yahoo.com,+12145550504,Denver,CO
p505,Angela Brown,angela.brown505@outlook.com,+12145550505,Frisco,TX
p506,Angela Moore,angela.moore506@example.com,+12145550506,Frisco,TX
p507,Angela Taylor,angela.taylor507@outlook.com,+12145550507,Atlanta,GA
p508,Daniel Brown,daniel.brown508@example.com,+12145550508,Phoenix,AZ
p509,Steven Taylor,steven.taylor509@gmail.com,+12145550509,Denver,CO
p510,Susan Moore,susan.moore510@example.com,+12145550510,Dallas,TX
p511,Steven Taylor,steven.taylor511@example.com,+12145550511,Plano,TX
p512,William Young,william.young512@yahoo.com,+12145550512,Atlanta,GA
p513,James Young,james.young513@yahoo.com,+12145550513,Denver,CO
p514,Daniel Hall,daniel.hall514@yahoo.com,+12145550514,Tampa,FL
p515,Jennifer Johnson,jennifer.johnson515@gmail.com,+12145550515,Atlanta,GA
p516,David Smith,david.smith516@outlook.com,+12145550516,Denver,CO
p517,Nancy Davis,nancy.davis517@yahoo.com,+12145550517,Tampa,FL
p518,Nancy Brown,nancy.brown518@example.com,+12145550518,Atlanta,GA
p519,James Davis,james.davis519@yahoo.com,+12145550519,Phoenix,AZ
p520,Amy Moore,amy.moore520@example.com,+12145550520,Denver,CO
p521,Carlos Martinez,carlos.martinez521@outlook.com,+12145550521,Denver,CO
p522,Amy Jackson,amy.jackson522@example.com,+12145550522,Tulsa,OK
p523,David Wilson,david.wilson523@outlook.com,+12145550523,Tulsa,OK
p524,Jennifer Taylor,jennifer.taylor524@yahoo.com,+12145550524,Tulsa,OK
p525,Laura Moore,laura.moore525@outlook.com,+12145550525,Denver,CO
p526,Amy Anderson,amy.anderson526@gmail.com,+12145550526,Tulsa,OK
p527,Steven Walker,steven.walker527@example.com,+12145550527,Tampa,FL
p528,Susan Davis,susan.davis528@gmail.com,+12145550528,Tulsa,OK
p529,Karen Garcia,karen.garcia529@example.com,+12145550529,Miami,FL
p530,William Kim,william.kim530@yahoo.com,+12145550530,Austin,TX
p531,Amy Anderson,amy.anderson531@outlook.com,+12145550531,Phoenix,AZ
p532,Michael Miller,michael.miller532@yahoo.com,+12145550532,Atlanta,GA
p533,Jennifer Johnson,jennifer.johnson533@yahoo.com,+12145550533,Phoenix,AZ
p534,Jennifer Johnson,jennifer.johnson534@example.com,+12145550534,Dallas,TX
p535,Carlos Kim,carlos.kim535@yahoo.com,+12145550535,Dallas,TX
p536,Robert Walker,robert.walker536@example.com,+12145550536,Frisco,TX
p537,Laura Kim,laura.kim537@outlook.com,+12145550537,Austin,TX
p538,Carlos Taylor,carlos.taylor538@gmail.com,+12145550538,Plano,TX
p539,Steven Wilson,steven.wilson539@gmail.com,+12145550539,Phoenix,AZ
p540,Sarah Nguyen,sarah.nguyen540@gmail.com,+12145550540,Frisco,TX
p541,Thomas Kim,thomas.kim541@outlook.com,+12145550541,Frisco,TX
p542,James Smith,james.smith542@gmail.com,+12145550542,Tulsa,OK
p543,Carlos Taylor,carlos.taylor543@example.com,+12145550543,Denver,CO
p544,Michael Brown,michael.brown544@outlook.com,+12145550544,Denver,CO
p545,David Miller,david.miller545@yahoo.com,+12145550545,Miami,FL
p546,Miguel Anderson,miguel.anderson546@gmail.com,+12145550546,Frisco,TX
p547,Carlos Taylor,carlos.taylor547@yahoo.com,+12145550547,Atlanta,GA
p548,Sarah Hall,sarah.hall548@example.com,+12145550548,Tampa,FL
p549,Daniel Moore,daniel.moore549@example.com,+12145550549,Dallas,TX
p550,Linda Martinez,linda.martinez550@example.com,+12145550550,Frisco,TX
p551,Carlos Wilson,carlos.wilson551@outlook.com,+12145550551,Plano,TX
p552,Thomas Wilson,thomas.wilson552@outlook.com,+12145550552,Denver,CO
p553,Carlos Taylor,carlos.taylor553@gmail.com,+12145550553,Atlanta,GA
p554,William Jackson,william.jackson554@gmail.com,+12145550554,Austin,TX
p555,Linda Patel,linda.patel555@yahoo.com,+12145550555,Tulsa,OK
p556,Thomas Brown,thomas.brown556@gmail.com,+12145550556,Tulsa,OK
p557,Karen Jackson,karen.jackson557@yahoo.com,+12145550557,Atlanta,GA
p558,Jennifer Davis,jennifer.davis558@yahoo.com,+12145550558,Denver,CO
p559,Miguel Hall,miguel.hall559@example.com,+12145550559,Miami,FL
p560,Amy Kim,amy.kim560@yahoo.com,+12145550560,Phoenix,AZ
p561,Jennifer Hall,jennifer.hall561@example.com,+12145550561,Dallas,TX
p562,Daniel Jackson,daniel.jackson562@gmail.com,+12145550562,Dallas,TX
p563,James Walker,james.walker563@yahoo.com,+12145550563,Phoenix,AZ
p564,Steven Walker,steven.walker564@yahoo.com,+12145550564,Frisco,TX
p565,Carlos Brown,carlos.brown565@gmail.com,+12145550565,Denver,CO
p566,David Young,david.young566@gmail.com,+12145550566,Denver,CO
p567,Daniel Patel,daniel.patel567@example.com,+12145550567,Plano,TX
p568,Michael Brown,michael.brown568@example.com,+12145550568,Tampa,FL
p569,Steven Johnson,steven.johnson569@example.com,+12145550569,Phoenix,AZ
p570,Karen Smith,karen.smith570@outlook.com,+12145550570,Tampa,FL
p571,Robert Lopez,robert.lopez571@gmail.com,+12145550571,Atlanta,GA
p572,James Nguyen,james.nguyen572@gmail.com,+12145550572,Miami,FL
p573,Amy Johnson,amy.johnson573@example.com,+12145550573,Dallas,TX
p574,James Taylor,james.taylor574@yahoo.com,+12145550574,Tampa,FL
p575,Michael Nguyen,michael.nguyen575@example.com,+12145550575,Miami,FL
p576,Miguel Lee,miguel.lee576@gmail.com,+12145550576,Tampa,FL
p577,Amy Davis,amy.davis577@gmail.com,+12145550577,Miami,FL
p578,Sarah Walker,sarah.walker578@yahoo.com,+12145550578,Tampa,FL
p579,Jennifer Smith,jennifer.smith579@outlook.com,+12145550579,Plano,TX
p580,Miguel Walker,miguel.walker580@example.com,+12145550580,Tampa,FL
p581,Jennifer Wilson,jennifer.wilson581@outlook.com,+12145550581,Denver,CO
p582,Michael Anderson,michael.anderson582@gmail.com,+12145550582,Austin,TX
p583,James Nguyen,james.nguyen583@gmail.com,+12145550583,Atlanta,GA
p584,Jennifer Lopez,jennifer.lopez584@gmail.com,+12145550584,Dallas,TX
p585,Angela Johnson,angela.johnson585@gmail.com,+12145550585,Denver,CO
p586,Jennifer Johnson,jennifer.johnson586@example.com,+12145550586,Tampa,FL
p587,Jennifer Walker,jennifer.walker587@gmail.com,+12145550587,Austin,TX
p588,Michael Brown,michael.brown588@yahoo.com,+12145550588,Tulsa,OK
p589,Steven Moore,steven.moore589@outlook.com,+12145550589,Atlanta,GA
p590,Jennifer Taylor,jennifer.taylor590@yahoo.com,+12145550590,Frisco,TX
p591,Nancy Taylor,nancy.taylor591@gmail.com,+12145550591,Tulsa,OK
p592,Amy Young,amy.young592@example.com,+12145550592,Frisco,TX
p593,Amy Kim,amy.kim593@outlook.com,+12145550593,Plano,TX
p594,Thomas Brown,thomas.brown594@example.com,+12145550594,Miami,FL
p595,Nancy Davis,nancy.davis595@example.com,+12145550595,Tulsa,OK
p596,Sarah Walker,sarah.walker596@yahoo.com,+12145550596,Denver,CO
p597,Jennifer Taylor,jennifer.taylor597@example.com,+12145550597,Frisco,TX
p598,James Walker,james.walker598@example.com,+12145550598,Tampa,FL
p599,Amy Brown,amy.brown599@example.com,+12145550599,Frisco,TX
p600,Jennifer Anderson,jennifer.anderson600@outlook.com,+12145550600,Austin,TX
p601,Maria Patel,maria.patel601@gmail.com,+12145550601,Miami,FL
p602,Amy Lopez,amy.lopez602@outlook.com,+12145550602,Plano,TX
p603,Thomas Hall,thomas.hall603@gmail.com,+12145550603,Atlanta,GA
p604,Maria Lopez,maria.lopez604@yahoo.com,+12145550604,Atlanta,GA
p605,Laura Lopez,laura.lopez605@outlook.com,+12145550605,Miami,FL
p606,Robert Lopez,robert.lopez606@gmail.com,+12145550606,Austin,TX
p607,Laura Wilson,laura.wilson607@yahoo.com,+12145550607,Atlanta,GA
p608,Thomas Wilson,thomas.wilson608@outlook.com,+12145550608,Phoenix,AZ
p609,Karen Lee,karen.lee609@outlook.com,+12145550609,Denver,CO
p610,Karen Anderson,karen.anderson610@example.com,+12145550610,Miami,FL
p611,Miguel Miller,miguel.miller611@outlook.com,+12145550611,Denver,CO
p612,David Jackson,david.jackson612@example.com,+12145550612,Miami,FL
p613,James Young,james.young613@yahoo.com,+12145550613,Austin,TX
p614,Robert Anderson,robert.anderson614@example.com,+12145550614,Phoenix,AZ
p615,Karen Davis,karen.davis615@outlook.com,+12145550615,Austin,TX
p616,Jennifer Lee,jennifer.lee616@yahoo.com,+12145550616,Atlanta,GA
p617,Laura Walker,laura.walker617@outlook.com,+12145550617,Miami,FL
p618,Laura Kim,laura.kim618@yahoo.com,+12145550618,Denver,CO
p619,Susan Martinez,susan.martinez619@example.com,+12145550619,Frisco,TX
p620,Sarah Walker,sarah.walker620@gmail.com,+12145550620,Plano,TX
p621,Maria Johnson,maria.johnson621@example.com,+12145550621,Plano,TX
p622,Michael Wilson,michael.wilson622@yahoo.com,+12145550622,Dallas,TX
p623,Robert Lopez,robert.lopez623@example.com,+12145550623,Phoenix,AZ
p624,Susan Johnson,susan.johnson624@example.com,+12145550624,Atlanta,GA
p625,Laura Smith,laura.smith625@example.com,+12145550625,Plano,TX
p626,Robert Smith,robert.smith626@outlook.com,+12145550626,Phoenix,AZ
p627,Amy Taylor,amy.taylor627@example.com,+12145550627,Plano,TX
p628,Sarah Miller,sarah.miller628@yahoo.com,+12145550628,Dallas,TX
p629,Jennifer Lopez,jennifer.lopez629@outlook.com,+12145550629,Atlanta,GA
p630,Susan Anderson,susan.anderson630@gmail.com,+12145550630,Tampa,FL
p631,Susan Lee,susan.lee631@yahoo.com,+12145550631,Denver,CO
p632,Jennifer Taylor,jennifer.taylor632@gmail.com,+12145550632,Dallas,TX
p633,Maria Lee,maria.lee633@example.com,+12145550633,Tampa,FL
p634,Amy Kim,amy.kim634@gmail.com,+12145550634,Plano,TX
p635,Sarah Garcia,sarah.garcia635@example.com,+12145550635,Denver,CO
p636,Carlos Young,carlos.young636@gmail.com,+12145550636,Dallas,TX
p637,Jennifer Lopez,jennifer.lopez637@example.com,+12145550637,Atlanta,GA
p638,William Johnson,william.johnson638@outlook.com,+12145550638,Dallas,TX
p639,Amy Young,amy.young639@yahoo.com,+12145550639,Plano,TX
p640,Carlos Smith,carlos.smith640@yahoo.com,+12145550640,Austin,TX
p641,Thomas Garcia,thomas.garcia641@yahoo.com,+12145550641,Tulsa,OK
p642,Steven Wilson,steven.wilson642@example.com,+12145550642,Atlanta,GA
p643,Amy Moore,amy.moore643@yahoo.com,+12145550643,Tampa,FL
p644,Maria Brown,maria.brown644@gmail.com,+12145550644,Miami,FL
p645,Linda Nguyen,linda.nguyen645@gmail.com,+12145550645,Austin,TX
p646,Carlos Hall,carlos.hall646@example.com,+12145550646,Atlanta,GA
p647,Carlos Smith,carlos.smith647@example.com,+12145550647,Tulsa,OK
p648,Laura Wilson,laura.wilson648@example.com,+12145550648,Miami,FL
p649,Nancy Martinez,nancy.martinez649@example.com,+12145550649,Atlanta,GA
p650,Maria Hall,maria.hall650@yahoo.com,+12145550650,Tulsa,OK
p651,Maria Garcia,maria.garcia651@yahoo.com,+12145550651,Tulsa,OK
p652,Thomas Davis,thomas.davis652@outlook.com,+12145550652,Tampa,FL
p653,Susan Miller,susan.miller653@gmail.com,+12145550653,Dallas,TX
p654,Karen Patel,karen.patel654@outlook.com,+12145550654,Miami,FL
p655,Linda Davis,linda.davis655@yahoo.com,+12145550655,Dallas,TX
p656,Nancy Patel,nancy.patel656@example.com,+12145550656,Phoenix,AZ
p657,Linda Smith,linda.smith657@outlook.com,+12145550657,Dallas,TX
p658,Amy Garcia,amy.garcia658@outlook.com,+12145550658,Atlanta,GA
p659,Thomas Smith,thomas.smith659@example.com,+12145550659,Tulsa,OK
p660,Thomas Garcia,thomas.garcia660@yahoo.com,+12145550660,Phoenix,AZ
p661,Steven Brown,steven.brown661@example.com,+12145550661,Frisco,TX
p662,Sarah Davis,sarah.davis662@outlook.com,+12145550662,Tulsa,OK
p663,William Kim,william.kim663@gmail.com,+12145550663,Frisco,TX
p664,Sarah Nguyen,sarah.nguyen664@example.com,+12145550664,Tulsa,OK
p665,Karen Kim,karen.kim665@outlook.com,+12145550665,Dallas,TX
p666,William Wilson,william.wilson666@yahoo.com,+12145550666,Denver,CO
p667,Miguel Miller,miguel.miller667@outlook.com,+12145550667,Frisco,TX
p668,Robert Lee,robert.lee668@example.com,+12145550668,Miami,FL
p669,Carlos Patel,carlos.patel669@example.com,+12145550669,Miami,FL
p670,Angela Davis,angela.davis670@outlook.com,+12145550670,Tulsa,OK
p671,Angela Lopez,angela.lopez671@outlook.com,+12145550671,Denver,CO
p672,Sarah Lee,sarah.lee672@outlook.com,+12145550672,Miami,FL
p673,Laura Young,laura.young673@outlook.com,+12145550673,Austin,TX
p674,Thomas Anderson,thomas.anderson674@outlook.com,+12145550674,Tampa,FL
p675,Linda Young,linda.young675@yahoo.com,+12145550675,Austin,TX
p676,Amy Smith,amy.smith676@yahoo.com,+12145550676,Denver,CO
p677,Miguel Taylor,miguel.taylor677@example.com,+12145550677,Dallas,TX
p678,Laura Davis,laura.davis678@yahoo.com,+12145550678,Tulsa,OK
p679,William Davis,william.davis679@example.com,+12145550679,Tampa,FL
p680,Maria Patel,maria.patel680@example.com,+12145550680,Atlanta,GA
p681,Steven Lee,steven.lee681@example.com,+12145550681,Phoenix,AZ
p682,Amy Johnson,amy.johnson682@gmail.com,+12145550682,Miami,FL
p683,Linda Wilson,linda.wilson683@yahoo.com,+12145550683,Miami,FL
p684,Angela Johnson,angela.johnson684@example.com,+12145550684,Atlanta,GA
p685,Carlos Nguyen,carlos.nguyen685@gmail.com,+12145550685,Dallas,TX
p686,Linda Anderson,linda.anderson686@yahoo.com,+12145550686,Austin,TX
p687,Miguel Jackson,miguel.jackson687@example.com,+12145550687,Tampa,FL
p688,Steven Brown,steven.brown688@outlook.com,+12145550688,Frisco,TX
p689,Robert Kim,robert.kim689@outlook.com,+12145550689,Dallas,TX
p690,Nancy Garcia,nancy.garcia690@yahoo.com,+12145550690,Dallas,TX
p691,Susan Taylor,susan.taylor691@example.com,+12145550691,Miami,FL
p692,David Brown,david.brown692@outlook.com,+12145550692,Denver,CO
p693,Laura Miller,laura.miller693@example.com,+12145550693,Denver,CO
p694,Carlos Garcia,carlos.garcia694@gmail.com,+12145550694,Tulsa,OK
p695,Linda Smith,linda.smith695@gmail.com,+12145550695,Miami,FL
p696,Sarah Wilson,sarah.wilson696@yahoo.com,+12145550696,Phoenix,AZ
p697,Amy Martinez,amy.martinez697@example.com,+12145550697,Miami,FL
p698,Miguel Wilson,miguel.wilson698@yahoo.com,+12145550698,Tampa,FL
p699,Sarah Nguyen,sarah.nguyen699@gmail.com,+12145550699,Tampa,FL
p700,Angela Lopez,angela.lopez700@example.com,+12145550700,Denver,CO
p701,Thomas Smith,thomas.smith701@yahoo.com,+12145550701,Austin,TX
p702,William Garcia,william.garcia702@gmail.com,+12145550702,Atlanta,GA
p703,Amy Martinez,amy.martinez703@outlook.com,+12145550703,Miami,FL
p704,David Patel,david.patel704@outlook.com,+12145550704,Dallas,TX
p705,Laura Brown,laura.brown705@example.com,+12145550705,Miami,FL
p706,Angela Lee,angela.lee706@gmail.com,+12145550706,Atlanta,GA
p707,Susan Jackson,susan.jackson707@yahoo.com,+12145550707,Denver,CO
p708,Karen Hall,karen.hall708@gmail.com,+12145550708,Atlanta,GA
p709,Michael Moore,michael.moore709@yahoo.com,+12145550709,Dallas,TX
p710,Karen Miller,karen.miller710@outlook.com,+12145550710,Frisco,TX
p711,Michael Brown,michael.brown711@example.com,+12145550711,Tampa,FL
p712,Angela Davis,angela.davis712@example.com,+12145550712,Atlanta,GA
p713,Nancy Martinez,nancy.martinez713@yahoo.com,+12145550713,Denver,CO
p714,Amy Martinez,amy.martinez714@outlook.com,+12145550714,Denver,CO
p715,Michael Martinez,michael.martinez715@example.com,+12145550715,Miami,FL
p716,Angela Johnson,angela.johnson716@gmail.com,+12145550716,Miami,FL
p717,Laura Davis,laura.davis717@example.com,+12145550717,Austin,TX
p718,Amy Brown,amy.brown718@example.com,+12145550718,Denver,CO
p719,Laura Nguyen,laura.nguyen719@example.com,+12145550719,Denver,CO
p720,Sarah Garcia,sarah.garcia720@gmail.com,+12145550720,Atlanta,GA
p721,Jennifer Taylor,jennifer.taylor721@outlook.com,+12145550721,Plano,TX
p722,Jennifer Walker,jennifer.walker722@yahoo.com,+12145550722,Tulsa,OK
p723,Miguel Young,miguel.young723@gmail.com,+12145550723,Denver,CO
p724,Steven Miller,steven.miller724@outlook.com,+12145550724,Tulsa,OK
p725,Amy Johnson,amy.johnson725@yahoo.com,+12145550725,Denver,CO
p726,Nancy Miller,nancy.miller726@outlook.com,+12145550726,Austin,TX
p727,James Patel,james.patel727@outlook.com,+12145550727,Tulsa,OK
p728,Maria Patel,maria.patel728@yahoo.com,+12145550728,Dallas,TX
p729,David Young,david.young729@example.com,+12145550729,Miami,FL
p730,Sarah Hall,sarah.hall730@yahoo.com,+12145550730,Frisco,TX
p731,David Johnson,david.johnson731@outlook.com,+12145550731,Atlanta,GA
p732,Amy Anderson,amy.anderson732@yahoo.com,+12145550732,Atlanta,GA
p733,Carlos Taylor,carlos.taylor733@outlook.com,+12145550733,Tulsa,OK
p734,Daniel Miller,daniel.miller734@example.com,+12145550734,Frisco,TX
p735,James Anderson,james.anderson735@yahoo.com,+12145550735,Frisco,TX
p736,Jennifer Davis,jennifer.davis736@yahoo.com,+12145550736,Miami,FL
p737,Thomas Kim,thomas.kim737@outlook.com,+12145550737,Frisco,TX
p738,Nancy Lee,nancy.lee738@gmail.com,+12145550738,Denver,CO
p739,Maria Lee,maria.lee739@outlook.com,+12145550739,Phoenix,AZ
p740,Susan Patel,susan.patel740@outlook.com,+12145550740,Denver,CO
p741,Steven Smith,steven.smith741@example.com,+12145550741,Dallas,TX
p742,Susan Garcia,susan.garcia742@example.com,+12145550742,Phoenix,AZ
p743,David Nguyen,david.nguyen743@example.com,+12145550743,Austin,TX
p744,William Moore,william.moore744@outlook.com,+12145550744,Tulsa,OK
p745,Amy Young,amy.young745@example.com,+12145550745,Frisco,TX
p746,Carlos Johnson,carlos.johnson746@gmail.com,+12145550746,Plano,TX
p747,Miguel Smith,miguel.smith747@yahoo.com,+12145550747,Dallas,TX
p748,Miguel Patel,miguel.patel748@example.com,+12145550748,Plano,TX
p749,David Davis,david.davis749@yahoo.com,+12145550749,Tulsa,OK
p750,William Garcia,william.garcia750@outlook.com,+12145550750,Miami,FL
p751,Maria Jackson,maria.jackson751@gmail.com,+12145550751,Frisco,TX
p752,Thomas Taylor,thomas.taylor752@example.com,+12145550752,Austin,TX
p753,Maria Miller,maria.miller753@yahoo.com,+12145550753,Plano,TX
p754,Laura Garcia,laura.garcia754@yahoo.com,+12145550754,Frisco,TX
p755,Daniel Patel,daniel.patel755@gmail.com,+12145550755,Plano,TX
p756,Carlos Miller,carlos.miller756@yahoo.com,+12145550756,Tampa,FL
p757,Laura Garcia,laura.garcia757@example.com,+12145550757,Austin,TX
p758,Maria Miller,maria.miller758@outlook.com,+12145550758,Dallas,TX
p759,Susan Taylor,susan.taylor759@example.com,+12145550759,Frisco,TX
p760,Michael Davis,michael.davis760@gmail.com,+12145550760,Dallas,TX
p761,Angela Martinez,angela.martinez761@outlook.com,+12145550761,Denver,CO
p762,David Davis,david.davis762@example.com,+12145550762,Tampa,FL
p763,David Garcia,david.garcia763@yahoo.com,+12145550763,Dallas,TX
p764,Linda Young,linda.young764@outlook.com,+12145550764,Tampa,FL
p765,Nancy Moore,nancy.moore765@yahoo.com,+12145550765,Frisco,TX
p766,William Garcia,william.garcia766@outlook.com,+12145550766,Austin,TX
p767,Robert Taylor,robert.taylor767@yahoo.com,+12145550767,Austin,TX
p768,Thomas Taylor,thomas.taylor768@yahoo.com,+12145550768,Plano,TX
p769,Laura Lee,laura.lee769@yahoo.com,+12145550769,Dallas,TX
p770,Laura Hall,laura.hall770@gmail.com,+12145550770,Dallas,TX
p771,Susan Moore,susan.moore771@example.com,+12145550771,Frisco,TX
p772,Steven Nguyen,steven.nguyen772@yahoo.com,+12145550772,Miami,FL
p773,Laura Garcia,laura.garcia773@gmail.com,+12145550773,Plano,TX
p774,Robert Anderson,robert.anderson774@gmail.com,+12145550774,Austin,TX
p775,James Lee,james.lee775@outlook.com,+12145550775,Phoenix,AZ
p776,Daniel Nguyen,daniel.nguyen776@example.com,+12145550776,Tampa,FL
p777,Maria Walker,maria.walker777@yahoo.com,+12145550777,Phoenix,AZ
p778,William Garcia,william.garcia778@gmail.com,+12145550778,Tulsa,OK
p779,Daniel Lopez,daniel.lopez779@outlook.com,+12145550779,Frisco,TX
p780,Thomas Young,thomas.young780@outlook.com,+12145550780,Dallas,TX
p781,Nancy Wilson,nancy.wilson781@yahoo.com,+12145550781,Plano,TX
p782,Maria Nguyen,maria.nguyen782@example.com,+12145550782,Dallas,TX
p783,Angela Hall,angela.hall783@outlook.com,+12145550783,Plano,TX
p784,Sarah Miller,sarah.miller784@yahoo.com,+12145550784,Plano,TX
p785,Robert Martinez,robert.martinez785@outlook.com,+12145550785,Denver,CO
p786,Daniel Brown,daniel.brown786@yahoo.com,+12145550786,Tulsa,OK
p787,Susan Davis,susan.davis787@gmail.com,+12145550787,Tulsa,OK
p788,Robert Moore,robert.moore788@outlook.com,+12145550788,Tampa,FL
p789,Daniel Garcia,daniel.garcia789@gmail.com,+12145550789,Tulsa,OK
p790,Laura Patel,laura.patel790@outlook.com,+12145550790,Phoenix,AZ
p791,James Kim,james.kim791@yahoo.com,+12145550791,Atlanta,GA
p792,Susan Martinez,susan.martinez792@gmail.com,+12145550792,Tulsa,OK
p793,Steven Miller,steven.miller793@gmail.com,+12145550793,Austin,TX
p794,James Smith,james.smith794@gmail.com,+12145550794,Austin,TX
p795,Laura Jackson,laura.jackson795@yahoo.com,+12145550795,Tampa,FL
p796,Sarah Johnson,sarah.johnson796@example.com,+12145550796,Phoenix,AZ
p797,Jennifer Moore,jennifer.moore797@example.com,+12145550797,Austin,TX
p798,Carlos Anderson,carlos.anderson798@outlook.com,+12145550798,Dallas,TX
p799,Linda Brown,linda.brown799@yahoo.com,+12145550799,Plano,TX
p800,Jennifer Brown,jennifer.brown800@example.com,+12145550800,Plano,TX
p801,Maria Patel,maria.patel801@outlook.com,+12145550801,Tulsa,OK
p802,Carlos Garcia,carlos.garcia802@example.com,+12145550802,Phoenix,AZ
p803,Robert Jackson,robert.jackson803@outlook.com,+12145550803,Austin,TX
p804,Steven Taylor,steven.taylor804@yahoo.com,+12145550804,Atlanta,GA
p805,Miguel Jackson,miguel.jackson805@example.com,+12145550805,Atlanta,GA
p806,David Walker,david.walker806@yahoo.com,+12145550806,Austin,TX
p807,Robert Nguyen,robert.nguyen807@yahoo.com,+12145550807,Plano,TX
p808,Amy Jackson,amy.jackson808@outlook.com,+12145550808,Plano,TX
p809,Robert Lee,robert.lee809@gmail.com,+12145550809,Tulsa,OK
p810,David Brown,david.brown810@example.com,+12145550810,Austin,TX
p811,Laura Johnson,laura.johnson811@outlook.com,+12145550811,Frisco,TX
p812,Maria Johnson,maria.johnson812@example.com,+12145550812,Austin,TX
p813,Susan Patel,susan.patel813@gmail.com,+12145550813,Dallas,TX
p814,Daniel Davis,daniel.davis814@gmail.com,+12145550814,Tampa,FL
p815,Steven Young,steven.young815@example.com,+12145550815,Plano,TX
p816,Michael Wilson,michael.wilson816@outlook.com,+12145550816,Tulsa,OK
p817,Carlos Lee,carlos.lee817@outlook.com,+12145550817,Miami,FL
p818,Miguel Anderson,miguel.anderson818@gmail.com,+12145550818,Austin,TX
p819,David Davis,david.davis819@gmail.com,+12145550819,Atlanta,GA
p820,Michael Miller,michael.miller820@example.com,+12145550820,Frisco,TX
p821,Miguel Moore,miguel.moore821@gmail.com,+12145550821,Tampa,FL
p822,Amy Jackson,amy.jackson822@example.com,+12145550822,Austin,TX
p823,Karen Patel,karen.patel823@gmail.com,+12145550823,Tulsa,OK
p824,Maria Martinez,maria.martinez824@gmail.com,+12145550824,Tulsa,OK
p825,David Moore,david.moore825@gmail.com,+12145550825,Frisco,TX
p826,Jennifer Jackson,jennifer.jackson826@gmail.com,+12145550826,Tampa,FL
p827,Karen Anderson,karen.anderson827@gmail.com,+12145550827,Frisco,TX
p828,Thomas Patel,thomas.patel828@yahoo.com,+12145550828,Phoenix,AZ
p829,Linda Patel,linda.patel829@yahoo.com,+12145550829,Dallas,TX
p830,Linda Smith,linda.smith830@yahoo.com,+12145550830,Plano,TX
p831,Michael Lopez,michael.lopez831@outlook.com,+12145550831,Tampa,FL
p832,Maria Young,maria.young832@outlook.com,+12145550832,Atlanta,GA
p833,Maria Smith,maria.smith833@yahoo.com,+12145550833,Dallas,TX
p834,Miguel Davis,miguel.davis834@outlook.com,+12145550834,Dallas,TX
p835,Linda Johnson,linda.johnson835@gmail.com,+12145550835,Denver,CO
p836,Sarah Young,sarah.young836@example.com,+12145550836,Tampa,FL
p837,Laura Smith,laura.smith837@example.com,+12145550837,Tampa,FL
p838,Sarah Jackson,sarah.jackson838@yahoo.com,+12145550838,Austin,TX
p839,William Anderson,william.anderson839@yahoo.com,+12145550839,Denver,CO
p840,James Hall,james.hall840@yahoo.com,+12145550840,Atlanta,GA
p841,Karen Kim,karen.kim841@example.com,+12145550841,Tampa,FL
p842,James Garcia,james.garcia842@example.com,+12145550842,Tulsa,OK
p843,Michael Nguyen,michael.nguyen843@yahoo.com,+12145550843,Austin,TX
p844,Amy Smith,amy.smith844@outlook.com,+12145550844,Tampa,FL
p845,Laura Walker,laura.walker845@outlook.com,+12145550845,Denver,CO
p846,Steven Brown,steven.brown846@example.com,+12145550846,Miami,FL
p847,William Martinez,william.martinez847@outlook.com,+12145550847,Plano,TX
p848,Angela Wilson,angela.wilson848@outlook.com,+12145550848,Plano,TX
p849,James Kim,james.kim849@outlook.com,+12145550849,Phoenix,AZ
p850,Steven Wilson,steven.wilson850@gmail.com,+12145550850,Frisco,TX
p851,Jennifer Wilson,jennifer.wilson851@gmail.com,+12145550851,Tulsa,OK
p852,Jennifer Young,jennifer.young852@outlook.com,+12145550852,Tampa,FL
p853,Sarah Martinez,sarah.martinez853@outlook.com,+12145550853,Austin,TX
p854,Susan Young,susan.young854@outlook.com,+12145550854,Plano,TX
p855,Steven Young,steven.young855@yahoo.com,+12145550855,Frisco,TX
p856,Laura Walker,laura.walker856@yahoo.com,+12145550856,Tulsa,OK
p857,Laura Johnson,laura.johnson857@gmail.com,+12145550857,Dallas,TX
p858,Jennifer Hall,jennifer.hall858@gmail.com,+12145550858,Austin,TX
p859,Daniel Kim,daniel.kim859@outlook.com,+12145550859,Plano,TX
p860,Angela Lopez,angela.lopez860@outlook.com,+12145550860,Frisco,TX
p861,Sarah Moore,sarah.moore861@gmail.com,+12145550861,Plano,TX
p862,Michael Young,michael.young862@gmail.com,+12145550862,Frisco,TX
p863,Daniel Jackson,daniel.jackson863@outlook.com,+12145550863,Dallas,TX
p864,Thomas Young,thomas.young864@outlook.com,+12145550864,Dallas,TX
p865,Karen Moore,karen.moore865@yahoo.com,+12145550865,Frisco,TX
p866,Nancy Kim,nancy.kim866@yahoo.com,+12145550866,Miami,FL
p867,Amy Hall,amy.hall867@yahoo.com,+12145550867,Miami,FL
p868,Steven Martinez,steven.martinez868@outlook.com,+12145550868,Tampa,FL
p869,Karen Davis,karen.davis869@gmail.com,+12145550869,Frisco,TX
p870,Steven Lee,steven.lee870@gmail.com,+12145550870,Atlanta,GA
p871,Sarah Hall,sarah.hall871@yahoo.com,+12145550871,Miami,FL
p872,Steven Miller,steven.miller872@yahoo.com,+12145550872,Denver,CO
p873,Carlos Garcia,carlos.garcia873@outlook.com,+12145550873,Austin,TX
p874,Carlos Martinez,carlos.martinez874@outlook.com,+12145550874,Dallas,TX
p875,Miguel Smith,miguel.smith875@yahoo.com,+12145550875,Tulsa,OK
p876,Jennifer Garcia,jennifer.garcia876@outlook.com,+12145550876,Miami,FL
p877,Linda Smith,linda.smith877@example.com,+12145550877,Plano,TX
p878,Miguel Nguyen,miguel.nguyen878@example.com,+12145550878,Frisco,TX
p879,Laura Lee,laura.lee879@example.com,+12145550879,Miami,FL
p880,Linda Kim,linda.kim880@yahoo.com,+12145550880,Atlanta,GA
p881,Sarah Patel,sarah.patel881@gmail.com,+12145550881,Dallas,TX
p882,Karen Smith,karen.smith882@outlook.com,+12145550882,Miami,FL
p883,Linda Garcia,linda.garcia883@yahoo.com,+12145550883,Miami,FL
p884,Thomas Martinez,thomas.martinez884@gmail.com,+12145550884,Dallas,TX
p885,Carlos Hall,carlos.hall885@example.com,+12145550885,Atlanta,GA
p886,Robert Nguyen,robert.nguyen886@example.com,+12145550886,Frisco,TX
p887,Sarah Johnson,sarah.johnson887@outlook.com,+12145550887,Dallas,TX
p888,David Lopez,david.lopez888@outlook.com,+12145550888,Tampa,FL
p889,Karen Taylor,karen.taylor889@gmail.com,+12145550889,Austin,TX
p890,James Lee,james.lee890@example.com,+12145550890,Atlanta,GA
p891,Michael Johnson,michael.johnson891@gmail.com,+12145550891,Miami,FL
p892,Nancy Garcia,nancy.garcia892@example.com,+12145550892,Tulsa,OK
p893,David Miller,david.miller893@yahoo.com,+12145550893,Plano,TX
p894,Sarah Taylor,sarah.taylor894@example.com,+12145550894,Dallas,TX
p895,Linda Taylor,linda.taylor895@example.com,+12145550895,Tampa,FL
p896,Laura Anderson,laura.anderson896@example.com,+12145550896,Dallas,TX
p897,Sarah Jackson,sarah.jackson897@outlook.com,+12145550897,Tampa,FL
p898,Sarah Patel,sarah.patel898@outlook.com,+12145550898,Plano,TX
p899,Miguel Patel,miguel.patel899@yahoo.com,+12145550899,Tulsa,OK
p900,William Young,william.young900@yahoo.com,+12145550900,Plano,TX
p901,Linda Garcia,linda.garcia901@example.com,+12145550901,Miami,FL
p902,Steven Wilson,steven.wilson902@gmail.com,+12145550902,Phoenix,AZ
p903,Thomas Brown,thomas.brown903@example.com,+12145550903,Tampa,FL
p904,Steven Wilson,steven.wilson904@outlook.com,+12145550904,Denver,CO
p905,Maria Lee,maria.lee905@yahoo.com,+12145550905,Plano,TX
p906,Linda Patel,linda.patel906@yahoo.com,+12145550906,Frisco,TX
p907,David Lopez,david.lopez907@gmail.com,+12145550907,Frisco,TX
p908,Nancy Garcia,nancy.garcia908@yahoo.com,+12145550908,Tampa,FL
p909,Michael Hall,michael.hall909@outlook.com,+12145550909,Tulsa,OK
p910,Maria Garcia,maria.garcia910@example.com,+12145550910,Tampa,FL
p911,Amy Moore,amy.moore911@example.com,+12145550911,Tulsa,OK
p912,Robert Hall,robert.hall912@example.com,+12145550912,Atlanta,GA
p913,Linda Nguyen,linda.nguyen913@yahoo.com,+12145550913,Frisco,TX
p914,Steven Young,steven.young914@gmail.com,+12145550914,Atlanta,GA
p915,Linda Young,linda.young915@outlook.com,+12145550915,Dallas,TX
p916,Amy Jackson,amy.jackson916@outlook.com,+12145550916,Tampa,FL
p917,Thomas Kim,thomas.kim917@example.com,+12145550917,Atlanta,GA
p918,James Martinez,james.martinez918@example.com,+12145550918,Tulsa,OK
p919,Michael Hall,michael.hall919@example.com,+12145550919,Atlanta,GA
p920,James Lee,james.lee920@yahoo.com,+12145550920,Miami,FL
p921,James Kim,james.kim921@outlook.com,+12145550921,Tulsa,OK
p922,Robert Moore,robert.moore922@outlook.com,+12145550922,Tulsa,OK
p923,William Kim,william.kim923@yahoo.com,+12145550923,Dallas,TX
p924,Michael Taylor,michael.taylor924@outlook.com,+12145550924,Denver,CO
p925,William Nguyen,william.nguyen925@gmail.com,+12145550925,Atlanta,GA
p926,David Patel,david.patel926@example.com,+12145550926,Austin,TX
p927,Laura Brown,laura.brown927@gmail.com,+12145550927,Miami,FL
p928,Daniel Martinez,daniel.martinez928@outlook.com,+12145550928,Dallas,TX
p929,Daniel Lee,daniel.lee929@gmail.com,+12145550929,Frisco,TX
p930,Sarah Lopez,sarah.lopez930@gmail.com,+12145550930,Austin,TX
p931,Jennifer Johnson,jennifer.johnson931@gmail.com,+12145550931,Denver,CO
p932,Susan Lopez,susan.lopez932@outlook.com,+12145550932,Tulsa,OK
p933,Miguel Brown,miguel.brown933@gmail.com,+12145550933,Tampa,FL
p934,Robert Wilson,robert.wilson934@example.com,+12145550934,Miami,FL
p935,Angela Patel,angela.patel935@example.com,+12145550935,Frisco,TX
p936,Steven Walker,steven.walker936@outlook.com,+12145550936,Miami,FL
p937,Sarah Anderson,sarah.anderson937@outlook.com,+12145550937,Dallas,TX
p938,Robert Lee,robert.lee938@yahoo.com,+12145550938,Plano,TX
p939,Steven Lopez,steven.lopez939@yahoo.com,+12145550939,Austin,TX
p940,David Anderson,david.anderson940@gmail.com,+12145550940,Tampa,FL
p941,Robert Kim,robert.kim941@yahoo.com,+12145550941,Frisco,TX
p942,Angela Smith,angela.smith942@outlook.com,+12145550942,Austin,TX
p943,Angela Taylor,angela.taylor943@example.com,+12145550943,Tulsa,OK
p944,Thomas Jackson,thomas.jackson944@outlook.com,+12145550944,Denver,CO
p945,David Patel,david.patel945@example.com,+12145550945,Tulsa,OK
p946,Steven Miller,steven.miller946@outlook.com,+12145550946,Plano,TX
p947,Amy Hall,amy.hall947@outlook.com,+12145550947,Atlanta,GA
p948,Karen Miller,karen.miller948@gmail.com,+12145550948,Denver,CO
p949,Carlos Anderson,carlos.anderson949@outlook.com,+12145550949,Miami,FL
p950,William Taylor,william.taylor950@yahoo.com,+12145550950,Austin,TX
p951,Daniel Wilson,daniel.wilson951@example.com,+12145550951,Plano,TX
p952,Carlos Davis,carlos.davis952@example.com,+12145550952,Plano,TX
p953,Karen Anderson,karen.anderson953@example.com,+12145550953,Tampa,FL
p954,Thomas Johnson,thomas.johnson954@yahoo.com,+12145550954,Atlanta,GA
p955,Carlos Wilson,carlos.wilson955@example.com,+12145550955,Phoenix,AZ
p956,Susan Brown,susan.brown956@yahoo.com,+12145550956,Tulsa,OK
p957,Amy Martinez,amy.martinez957@gmail.com,+12145550957,Tulsa,OK
p958,Laura Davis,laura.davis958@yahoo.com,+12145550958,Tulsa,OK
p959,Carlos Garcia,carlos.garcia959@outlook.com,+12145550959,Austin,TX
p960,Jennifer Taylor,jennifer.taylor960@outlook.com,+12145550960,Tampa,FL
p961,Susan Anderson,susan.anderson961@outlook.com,+12145550961,Atlanta,GA
p962,Miguel Miller,miguel.miller962@gmail.com,+12145550962,Denver,CO
p963,Steven Young,steven.young963@gmail.com,+12145550963,Atlanta,GA
p964,Laura Lopez,laura.lopez964@gmail.com,+12145550964,Phoenix,AZ
p965,Thomas Brown,thomas.brown965@example.com,+12145550965,Tulsa,OK
p966,James Davis,james.davis966@yahoo.com,+12145550966,Frisco,TX
p967,Carlos Nguyen,carlos.nguyen967@example.com,+12145550967,Atlanta,GA
p968,Michael Moore,michael.moore968@gmail.com,+12145550968,Frisco,TX
p969,Laura Moore,laura.moore969@outlook.com,+12145550969,Frisco,TX
p970,James Smith,james.smith970@outlook.com,+12145550970,Denver,CO
p971,David Martinez,david.martinez971@yahoo.com,+12145550971,Atlanta,GA
p972,Laura Garcia,laura.garcia972@example.com,+12145550972,Frisco,TX
p973,Nancy Lee,nancy.lee973@example.com,+12145550973,Tampa,FL
p974,Thomas Smith,thomas.smith974@yahoo.com,+12145550974,Plano,TX
p975,Susan Smith,susan.smith975@yahoo.com,+12145550975,Miami,FL
p976,Robert Smith,robert.smith976@yahoo.com,+12145550976,Austin,TX
p977,Susan Taylor,susan.taylor977@gmail.com,+12145550977,Frisco,TX
p978,Thomas Brown,thomas.brown978@outlook.com,+12145550978,Atlanta,GA
p979,Sarah Garcia,sarah.garcia979@outlook.com,+12145550979,Plano,TX
p980,Karen Patel,karen.patel980@outlook.com,+12145550980,Phoenix,AZ
p981,Nancy Davis,nancy.davis981@example.com,+12145550981,Miami,FL
p982,Susan Lopez,susan.lopez982@example.com,+12145550982,Frisco,TX
p983,Robert Wilson,robert.wilson983@yahoo.com,+12145550983,Austin,TX
p984,David Smith,david.smith984@yahoo.com,+12145550984,Atlanta,GA
p985,Linda Jackson,linda.jackson985@example.com,+12145550985,Plano,TX
p986,William Walker,william.walker986@gmail.com,+12145550986,Atlanta,GA
p987,Angela Johnson,angela.johnson987@gmail.com,+12145550987,Dallas,TX
p988,James Miller,james.miller988@example.com,+12145550988,Tampa,FL
p989,Thomas Miller,thomas.miller989@outlook.com,+12145550989,Phoenix,AZ
p990,Laura Davis,laura.davis990@gmail.com,+12145550990,Austin,TX
p991,Karen Nguyen,karen.nguyen991@outlook.com,+12145550991,Dallas,TX
p992,Angela Hall,angela.hall992@example.com,+12145550992,Frisco,TX
p993,Linda Brown,linda.brown993@gmail.com,+12145550993,Atlanta,GA
p994,Karen Miller,karen.miller994@example.com,+12145550994,Dallas,TX
p995,David Hall,david.hall995@outlook.com,+12145550995,Austin,TX
p996,Daniel Lopez,daniel.lopez996@example.com,+12145550996,Miami,FL
p997,Karen Martinez,karen.martinez997@example.com,+12145550997,Plano,TX
p998,David Kim,david.kim998@yahoo.com,+12145550998,Miami,FL
p999,Robert Smith,robert.smith999@gmail.com,+12145550999,Dallas,TX
p1000,Steven Kim,steven.kim1000@gmail.com,+12145551000,Frisco,TX
p1001,Daniel Garcia,daniel.garcia1001@outlook.com,+12145551001,Dallas,TX
p1002,Jennifer Patel,jennifer.patel1002@outlook.com,+12145551002,Tulsa,OK
p1003,Miguel Johnson,miguel.johnson1003@yahoo.com,+12145551003,Dallas,TX
p1004,James Taylor,james.taylor1004@outlook.com,+12145551004,Miami,FL
p1005,Nancy Miller,nancy.miller1005@gmail.com,+12145551005,Dallas,TX
p1006,Robert Davis,robert.davis1006@outlook.com,+12145551006,Frisco,TX
p1007,Susan Patel,susan.patel1007@outlook.com,+12145551007,Atlanta,GA
p1008,Maria Jackson,maria.jackson1008@yahoo.com,+12145551008,Miami,FL
p1009,Linda Lee,linda.lee1009@example.com,+12145551009,Tampa,FL
p1010,William Lee,william.lee1010@example.com,+12145551010,Denver,CO
p1011,Sarah Miller,sarah.miller1011@gmail.com,+12145551011,Frisco,TX
p1012,Sarah Miller,sarah.miller1012@example.com,+12145551012,Tampa,FL
p1013,Steven Patel,steven.patel1013@example.com,+12145551013,Frisco,TX
p1014,Susan Hall,susan.hall1014@yahoo.com,+12145551014,Plano,TX
p1015,Laura Kim,laura.kim1015@example.com,+12145551015,Dallas,TX
p1016,Miguel Johnson,miguel.johnson1016@outlook.com,+12145551016,Dallas,TX
p1017,Carlos Smith,carlos.smith1017@yahoo.com,+12145551017,Phoenix,AZ
p1018,Carlos Brown,carlos.brown1018@gmail.com,+12145551018,Phoenix,AZ
p1019,Nancy Wilson,nancy.wilson1019@outlook.com,+12145551019,Denver,CO
p1020,Thomas Davis,thomas.davis1020@gmail.com,+12145551020,Phoenix,AZ
p1021,Robert Martinez,robert.martinez1021@example.com,+12145551021,Phoenix,AZ
p1022,Laura Martinez,laura.martinez1022@example.com,+12145551022,Dallas,TX
p1023,Carlos Wilson,carlos.wilson1023@outlook.com,+12145551023,Miami,FL
p1024,James Brown,james.brown1024@example.com,+12145551024,Austin,TX
p1025,Thomas Wilson,thomas.wilson1025@example.com,+12145551025,Dallas,TX
p1026,Miguel Young,miguel.young1026@gmail.com,+12145551026,Denver,CO
p1027,Laura Patel,laura.patel1027@gmail.com,+12145551027,Miami,FL
p1028,Laura Smith,laura.smith1028@example.com,+12145551028,Dallas,TX
p1029,Nancy Johnson,nancy.johnson1029@gmail.com,+12145551029,Phoenix,AZ
p1030,Maria Hall,maria.hall1030@outlook.com,+12145551030,Atlanta,GA
p1031,Daniel Walker,daniel.walker1031@example.com,+12145551031,Austin,TX
p1032,Carlos Jackson,carlos.jackson1032@yahoo.com,+12145551032,Plano,TX
p1033,Miguel Moore,miguel.moore1033@example.com,+12145551033,Phoenix,AZ
p1034,Susan Patel,susan.patel1034@gmail.com,+12145551034,Dallas,TX
p1035,Jennifer Smith,jennifer.smith1035@outlook.com,+12145551035,Miami,FL
p1036,Karen Walker,karen.walker1036@outlook.com,+12145551036,Phoenix,AZ
p1037,Linda Johnson,linda.johnson1037@example.com,+12145551037,Frisco,TX
p1038,Michael Nguyen,michael.nguyen1038@outlook.com,+12145551038,Dallas,TX
p1039,Angela Lopez,angela.lopez1039@gmail.com,+12145551039,Austin,TX
p1040,Thomas Lopez,thomas.lopez1040@yahoo.com,+12145551040,Denver,CO
p1041,Carlos Miller,carlos.miller1041@gmail.com,+12145551041,Tampa,FL
p1042,Steven Miller,steven.miller1042@example.com,+12145551042,Denver,CO
p1043,Steven Brown,steven.brown1043@example.com,+12145551043,Frisco,TX
p1044,Robert Brown,robert.brown1044@example.com,+12145551044,Plano,TX
p1045,Steven Kim,steven.kim1045@yahoo.com,+12145551045,Phoenix,AZ
p1046,Steven Martinez,steven.martinez1046@gmail.com,+12145551046,Frisco,TX
p1047,Thomas Hall,thomas.hall1047@outlook.com,+12145551047,Atlanta,GA
p1048,Daniel Lee,daniel.lee1048@yahoo.com,+12145551048,Tampa,FL
p1049,William Lee,william.lee1049@outlook.com,+12145551049,Miami,FL
p1050,Miguel Davis,miguel.davis1050@example.com,+12145551050,Frisco,TX
p1051,Angela Brown,angela.brown1051@outlook.com,+12145551051,Tulsa,OK
p1052,Amy Lopez,amy.lopez1052@yahoo.com,+12145551052,Austin,TX
p1053,Angela Taylor,angela.taylor1053@yahoo.com,+12145551053,Miami,FL
p1054,Sarah Brown,sarah.brown1054@outlook.com,+12145551054,Phoenix,AZ
p1055,Linda Jackson,linda.jackson1055@example.com,+12145551055,Phoenix,AZ
p1056,Steven Young,steven.young1056@outlook.com,+12145551056,Tampa,FL
p1057,Nancy Smith,nancy.smith1057@gmail.com,+12145551057,Phoenix,AZ
p1058,Robert Lee,robert.lee1058@gmail.com,+12145551058,Frisco,TX
p1059,James Lopez,james.lopez1059@yahoo.com,+12145551059,Tulsa,OK
p1060,Karen Anderson,karen.anderson1060@gmail.com,+12145551060,Frisco,TX
p1061,Karen Lopez,karen.lopez1061@gmail.com,+12145551061,Phoenix,AZ
p1062,Susan Patel,susan.patel1062@yahoo.com,+12145551062,Dallas,TX
p1063,Amy Lee,amy.lee1063@outlook.com,+12145551063,Austin,TX
p1064,James Lee,james.lee1064@example.com,+12145551064,Tampa,FL
p1065,Carlos Walker,carlos.walker1065@gmail.com,+12145551065,Plano,TX
p1066,William Lopez,william.lopez1066@example.com,+12145551066,Atlanta,GA
p1067,Jennifer Jackson,jennifer.jackson1067@yahoo.com,+12145551067,Atlanta,GA
p1068,David Taylor,david.taylor1068@yahoo.com,+12145551068,Denver,CO
p1069,Maria Martinez,maria.martinez1069@gmail.com,+12145551069,Frisco,TX
p1070,Thomas Johnson,thomas.johnson1070@outlook.com,+12145551070,Tampa,FL
p1071,Amy Anderson,amy.anderson1071@yahoo.com,+12145551071,Frisco,TX
p1072,Steven Anderson,steven.anderson1072@outlook.com,+12145551072,Plano,TX
p1073,Miguel Davis,miguel.davis1073@yahoo.com,+12145551073,Plano,TX
p1074,Carlos Hall,carlos.hall1074@outlook.com,+12145551074,Plano,TX
p1075,Laura Young,laura.young1075@outlook.com,+12145551075,Phoenix,AZ
p1076,Maria Moore,maria.moore1076@yahoo.com,+12145551076,Phoenix,AZ
p1077,Sarah Brown,sarah.brown1077@yahoo.com,+12145551077,Dallas,TX
p1078,Nancy Walker,nancy.walker1078@example.com,+12145551078,Phoenix,AZ
p1079,Maria Jackson,maria.jackson1079@yahoo.com,+12145551079,Austin,TX
p1080,Carlos Moore,carlos.moore1080@outlook.com,+12145551080,Miami,FL
p1081,David Hall,david.hall1081@example.com,+12145551081,Phoenix,AZ
p1082,Amy Smith,amy.smith1082@outlook.com,+12145551082,Dallas,TX
p1083,Miguel Wilson,miguel.wilson1083@yahoo.com,+12145551083,Atlanta,GA
p1084,James Moore,james.moore1084@gmail.com,+12145551084,Tampa,FL
p1085,Thomas Anderson,thomas.anderson1085@outlook.com,+12145551085,Phoenix,AZ
p1086,Robert Brown,robert.brown1086@example.com,+12145551086,Miami,FL
p1087,Laura Johnson,laura.johnson1087@yahoo.com,+12145551087,Tulsa,OK
p1088,Carlos Brown,carlos.brown1088@gmail.com,+12145551088,Dallas,TX
p1089,Sarah Walker,sarah.walker1089@gmail.com,+12145551089,Phoenix,AZ
p1090,Maria Lopez,maria.lopez1090@example.com,+12145551090,Austin,TX
p1091,Linda Lopez,linda.lopez1091@example.com,+12145551091,Phoenix,AZ
p1092,Maria Davis,maria.davis1092@example.com,+12145551092,Plano,TX
p1093,Carlos Johnson,carlos.johnson1093@gmail.com,+12145551093,Dallas,TX
p1094,James Martinez,james.martinez1094@gmail.com,+12145551094,Tulsa,OK
p1095,Steven Wilson,steven.wilson1095@example.com,+12145551095,Tulsa,OK
p1096,Thomas Patel,thomas.patel1096@example.com,+12145551096,Tampa,FL
p1097,Carlos Smith,carlos.smith1097@gmail.com,+12145551097,Tampa,FL
p1098,Amy Smith,amy.smith1098@gmail.com,+12145551098,Atlanta,GA
p1099,Steven Johnson,steven.johnson1099@outlook.com,+12145551099,Dallas,TX
p1100,Daniel Miller,daniel.miller1100@outlook.com,+12145551100,Tulsa,OK
p1101,Angela Garcia,angela.garcia1101@example.com,+12145551101,Tulsa,OK
p1102,Thomas Lee,thomas.lee1102@example.com,+12145551102,Plano,TX
p1103,Sarah Walker,sarah.walker1103@yahoo.com,+12145551103,Austin,TX
p1104,Thomas Walker,thomas.walker1104@yahoo.com,+12145551104,Tulsa,OK
p1105,Karen Jackson,karen.jackson1105@yahoo.com,+12145551105,Plano,TX
p1106,Linda Johnson,linda.johnson1106@example.com,+12145551106,Plano,TX
p1107,Amy Walker,amy.walker1107@outlook.com,+12145551107,Dallas,TX
p1108,David Jackson,david.jackson1108@example.com,+12145551108,Austin,TX
p1109,Daniel Davis,daniel.davis1109@yahoo.com,+12145551109,Frisco,TX
p1110,Jennifer Hall,jennifer.hall1110@yahoo.com,+12145551110,Tulsa,OK
p1111,Linda Martinez,linda.martinez1111@gmail.com,+12145551111,Atlanta,GA
p1112,Amy Patel,amy.patel1112@gmail.com,+12145551112,Phoenix,AZ
p1113,Karen Garcia,karen.garcia1113@gmail.com,+12145551113,Tulsa,OK
p1114,David Young,david.young1114@outlook.com,+12145551114,Denver,CO
p1115,Susan Davis,susan.davis1115@gmail.com,+12145551115,Austin,TX
p1116,Karen Hall,karen.hall1116@yahoo.com,+12145551116,Dallas,TX
p1117,Carlos Kim,carlos.kim1117@outlook.com,+12145551117,Denver,CO
p1118,Angela Taylor,angela.taylor1118@yahoo.com,+12145551118,Atlanta,GA
p1119,Steven Young,steven.young1119@outlook.com,+12145551119,Miami,FL
p1120,Nancy Martinez,nancy.martinez1120@outlook.com,+12145551120,Plano,TX
p1121,Jennifer Wilson,jennifer.wilson1121@outlook.com,+12145551121,Tampa,FL
p1122,Susan Davis,susan.davis1122@example.com,+12145551122,Miami,FL
p1123,Miguel Patel,miguel.patel1123@outlook.com,+12145551123,Miami,FL
p1124,Laura Walker,laura.walker1124@yahoo.com,+12145551124,Dallas,TX
p1125,Angela Garcia,angela.garcia1125@yahoo.com,+12145551125,Tulsa,OK
p1126,Amy Lopez,amy.lopez1126@gmail.com,+12145551126,Tulsa,OK
p1127,Maria Smith,maria.smith1127@gmail.com,+12145551127,Phoenix,AZ
p1128,Steven Young,steven.young1128@yahoo.com,+12145551128,Tampa,FL
p1129,James Walker,james.walker1129@example.com,+12145551129,Tulsa,OK
p1130,Michael Jackson,michael.jackson1130@yahoo.com,+12145551130,Tampa,FL
p1131,Steven Taylor,steven.taylor1131@example.com,+12145551131,Frisco,TX
p1132,Daniel Brown,daniel.brown1132@example.com,+12145551132,Dallas,TX
p1133,Susan Brown,susan.brown1133@yahoo.com,+12145551133,Plano,TX
p1134,Angela Martinez,angela.martinez1134@yahoo.com,+12145551134,Phoenix,AZ
p1135,Miguel Martinez,miguel.martinez1135@yahoo.com,+12145551135,Frisco,TX
p1136,Laura Jackson,laura.jackson1136@yahoo.com,+12145551136,Plano,TX
p1137,Laura Wilson,laura.wilson1137@outlook.com,+12145551137,Dallas,TX
p1138,Susan Wilson,susan.wilson1138@yahoo.com,+12145551138,Plano,TX
p1139,Daniel Jackson,daniel.jackson1139@example.com,+12145551139,Tampa,FL
p1140,Miguel Johnson,miguel.johnson1140@outlook.com,+12145551140,Plano,TX
p1141,Linda Brown,linda.brown1141@outlook.com,+12145551141,Tulsa,OK
p1142,Steven Walker,steven.walker1142@yahoo.com,+12145551142,Atlanta,GA
p1143,Thomas Lee,thomas.lee1143@gmail.com,+12145551143,Miami,FL
p1144,Daniel Anderson,daniel.anderson1144@yahoo.com,+12145551144,Tampa,FL
p1145,Daniel Lee,daniel.lee1145@outlook.com,+12145551145,Miami,FL
p1146,Laura Kim,laura.kim1146@gmail.com,+12145551146,Atlanta,GA
p1147,Daniel Davis,daniel.davis1147@yahoo.com,+12145551147,Denver,CO
p1148,Jennifer Garcia,jennifer.garcia1148@outlook.com,+12145551148,Phoenix,AZ
p1149,David Davis,david.davis1149@yahoo.com,+12145551149,Frisco,TX
p1150,Susan Hall,susan.hall1150@yahoo.com,+12145551150,Dallas,TX
p1151,Nancy Moore,nancy.moore1151@example.com,+12145551151,Dallas,TX
p1152,Laura Kim,laura.kim1152@yahoo.com,+12145551152,Austin,TX
p1153,Nancy Smith,nancy.smith1153@gmail.com,+12145551153,Austin,TX
p1154,Michael Young,michael.young1154@yahoo.com,+12145551154,Atlanta,GA
p1155,Michael Brown,michael.brown1155@yahoo.com,+12145551155,Plano,TX
p1156,James Martinez,james.martinez1156@yahoo.com,+12145551156,Tulsa,OK
p1157,Daniel Lee,daniel.lee1157@gmail.com,+12145551157,Atlanta,GA
p1158,Karen Garcia,karen.garcia1158@example.com,+12145551158,Austin,TX
p1159,Angela Kim,angela.kim1159@yahoo.com,+12145551159,Denver,CO
p1160,Jennifer Nguyen,jennifer.nguyen1160@yahoo.com,+12145551160,Atlanta,GA
p1161,Steven Martinez,steven.martinez1161@outlook.com,+12145551161,Atlanta,GA
p1162,Sarah Moore,sarah.moore1162@gmail.com,+12145551162,Denver,CO
p1163,Jennifer Lee,jennifer.lee1163@yahoo.com,+12145551163,Tampa,FL
p1164,Linda Smith,linda.smith1164@example.com,+12145551164,Austin,TX
p1165,Michael Hall,michael.hall1165@yahoo.com,+12145551165,Dallas,TX
p1166,Laura Hall,laura.hall1166@gmail.com,+12145551166,Atlanta,GA
p1167,Amy Brown,amy.brown1167@gmail.com,+12145551167,Dallas,TX
p1168,Laura Davis,laura.davis1168@gmail.com,+12145551168,Atlanta,GA
p1169,Nancy Brown,nancy.brown1169@outlook.com,+12145551169,Tampa,FL
p1170,James Brown,james.brown1170@yahoo.com,+12145551170,Tampa,FL
p1171,Laura Lee,laura.lee1171@gmail.com,+12145551171,Miami,FL
p1172,Nancy Davis,nancy.davis1172@example.com,+12145551172,Tulsa,OK
p1173,Jennifer Garcia,jennifer.garcia1173@example.com,+12145551173,Tulsa,OK
p1174,William Lopez,william.lopez1174@gmail.com,+12145551174,Plano,TX
p1175,Steven Brown,steven.brown1175@gmail.com,+12145551175,Dallas,TX
p1176,Thomas Lopez,thomas.lopez1176@example.com,+12145551176,Miami,FL
p1177,Susan Miller,susan.miller1177@example.com,+12145551177,Frisco,TX
p1178,Steven Anderson,steven.anderson1178@example.com,+12145551178,Tulsa,OK
p1179,Steven Jackson,steven.jackson1179@outlook.com,+12145551179,Atlanta,GA
p1180,Thomas Lopez,thomas.lopez1180@example.com,+12145551180,Tampa,FL
p1181,Sarah Jackson,sarah.jackson1181@example.com,+12145551181,Phoenix,AZ
p1182,William Taylor,william.taylor1182@outlook.com,+12145551182,Atlanta,GA
p1183,Thomas Davis,thomas.davis1183@yahoo.com,+12145551183,Dallas,TX
p1184,Miguel Martinez,miguel.martinez1184@yahoo.com,+12145551184,Dallas,TX
p1185,Daniel Lee,daniel.lee1185@gmail.com,+12145551185,Miami,FL
p1186,Sarah Lee,sarah.lee1186@gmail.com,+12145551186,Plano,TX
p1187,Michael Kim,michael.kim1187@example.com,+12145551187,Atlanta,GA
p1188,Maria Garcia,maria.garcia1188@yahoo.com,+12145551188,Tulsa,OK
p1189,Susan Garcia,susan.garcia1189@gmail.com,+12145551189,Atlanta,GA
p1190,Thomas Lee,thomas.lee1190@outlook.com,+12145551190,Atlanta,GA
p1191,Angela Johnson,angela.johnson1191@example.com,+12145551191,Frisco,TX
p1192,Miguel Smith,miguel.smith1192@outlook.com,+12145551192,Austin,TX
p1193,David Johnson,david.johnson1193@yahoo.com,+12145551193,Atlanta,GA
p1194,Angela Martinez,angela.martinez1194@outlook.com,+12145551194,Plano,TX
p1195,Jennifer Smith,jennifer.smith1195@gmail.com,+12145551195,Frisco,TX
p1196,William Lee,william.lee1196@example.com,+12145551196,Miami,FL
p1197,Thomas Young,thomas.young1197@gmail.com,+12145551197,Austin,TX
p1198,Maria Garcia,maria.garcia1198@outlook.com,+12145551198,Phoenix,AZ
p1199,Amy Young,amy.young1199@outlook.com,+12145551199,Miami,FL
p1200,William Wilson,william.wilson1200@yahoo.com,+12145551200,Atlanta,GA
p1201,Miguel Lee,miguel.lee1201@gmail.com,+12145551201,Atlanta,GA
p1202,William Martinez,william.martinez1202@gmail.com,+12145551202,Tampa,FL
p1203,Amy Garcia,amy.garcia1203@outlook.com,+12145551203,Phoenix,AZ
p1204,Carlos Miller,carlos.miller1204@outlook.com,+12145551204,Phoenix,AZ
p1205,Amy Young,amy.young1205@example.com,+12145551205,Tulsa,OK
p1206,Thomas Young,thomas.young1206@yahoo.com,+12145551206,Denver,CO
p1207,Carlos Patel,carlos.patel1207@gmail.com,+12145551207,Denver,CO
p1208,Laura Miller,laura.miller1208@gmail.com,+12145551208,Tulsa,OK
p1209,Thomas Wilson,thomas.wilson1209@outlook.com,+12145551209,Austin,TX
p1210,Nancy Jackson,nancy.jackson1210@gmail.com,+12145551210,Phoenix,AZ
p1211,William Wilson,william.wilson1211@gmail.com,+12145551211,Tulsa,OK
p1212,Thomas Moore,thomas.moore1212@yahoo.com,+12145551212,Dallas,TX
p1213,Laura Moore,laura.moore1213@yahoo.com,+12145551213,Miami,FL
p1214,Steven Anderson,steven.anderson1214@yahoo.com,+12145551214,Frisco,TX
p1215,Laura Lopez,laura.lopez1215@yahoo.com,+12145551215,Austin,TX
p1216,William Lopez,william.lopez1216@yahoo.com,+12145551216,Austin,TX
p1217,Jennifer Hall,jennifer.hall1217@yahoo.com,+12145551217,Miami,FL
p1218,Linda Miller,linda.miller1218@example.com,+12145551218,Dallas,TX
p1219,Angela Smith,angela.smith1219@gmail.com,+12145551219,Phoenix,AZ
p1220,Laura Jackson,laura.jackson1220@outlook.com,+12145551220,Atlanta,GA
p1221,Laura Young,laura.young1221@example.com,+12145551221,Tulsa,OK
p1222,Sarah Brown,sarah.brown1222@example.com,+12145551222,Tulsa,OK
p1223,Jennifer Young,jennifer.young1223@gmail.com,+12145551223,Frisco,TX
p1224,Daniel Nguyen,daniel.nguyen1224@gmail.com,+12145551224,Denver,CO
p1225,Daniel Jackson,daniel.jackson1225@yahoo.com,+12145551225,Tampa,FL
p1226,Miguel Miller,miguel.miller1226@example.com,+12145551226,Phoenix,AZ
p1227,Carlos Smith,carlos.smith1227@yahoo.com,+12145551227,Plano,TX
p1228,Thomas Young,thomas.young1228@outlook.com,+12145551228,Dallas,TX
p1229,Susan Hall,susan.hall1229@yahoo.com,+12145551229,Tulsa,OK
p1230,Amy Anderson,amy.anderson1230@outlook.com,+12145551230,Austin,TX
p1231,Laura Hall,laura.hall1231@outlook.com,+12145551231,Miami,FL
p1232,Sarah Kim,sarah.kim1232@yahoo.com,+12145551232,Tampa,FL
p1233,Nancy Jackson,nancy.jackson1233@example.com,+12145551233,Miami,FL
p1234,William Patel,william.patel1234@yahoo.com,+12145551234,Frisco,TX
p1235,Steven Wilson,steven.wilson1235@outlook.com,+12145551235,Dallas,TX
p1236,Jennifer Walker,jennifer.walker1236@example.com,+12145551236,Tampa,FL
p1237,David Davis,david.davis1237@example.com,+12145551237,Frisco,TX
p1238,Robert Martinez,robert.martinez1238@example.com,+12145551238,Tampa,FL
p1239,Michael Brown,michael.brown1239@outlook.com,+12145551239,Phoenix,AZ
p1240,Laura Taylor,laura.taylor1240@gmail.com,+12145551240,Tulsa,OK
p1241,Thomas Miller,thomas.miller1241@gmail.com,+12145551241,Frisco,TX
p1242,David Anderson,david.anderson1242@gmail.com,+12145551242,Denver,CO
p1243,Miguel Moore,miguel.moore1243@outlook.com,+12145551243,Tulsa,OK
p1244,Susan Walker,susan.walker1244@outlook.com,+12145551244,Phoenix,AZ
p1245,Susan Smith,susan.smith1245@gmail.com,+12145551245,Tampa,FL
p1246,Susan Hall,susan.hall1246@yahoo.com,+12145551246,Austin,TX
p1247,Karen Jackson,karen.jackson1247@example.com,+12145551247,Miami,FL
p1248,Miguel Garcia,miguel.garcia1248@outlook.com,+12145551248,Tampa,FL
p1249,Miguel Davis,miguel.davis1249@outlook.com,+12145551249,Frisco,TX
p1250,Nancy Hall,nancy.hall1250@example.com,+12145551250,Atlanta,GA
p1251,Maria Garcia,maria.garcia1251@outlook.com,+12145551251,Frisco,TX
p1252,Jennifer Moore,jennifer.moore1252@outlook.com,+12145551252,Miami,FL
p1253,William Hall,william.hall1253@outlook.com,+12145551253,Tampa,FL
p1254,Miguel Jackson,miguel.jackson1254@example.com,+12145551254,Atlanta,GA
p1255,Nancy Martinez,nancy.martinez1255@gmail.com,+12145551255,Frisco,TX
p1256,Michael Wilson,michael.wilson1256@gmail.com,+12145551256,Tulsa,OK
p1257,David Martinez,david.martinez1257@gmail.com,+12145551257,Tampa,FL
p1258,Linda Garcia,linda.garcia1258@gmail.com,+12145551258,Denver,CO
p1259,Robert Lee,robert.lee1259@gmail.com,+12145551259,Phoenix,AZ
p1260,Linda Anderson,linda.anderson1260@yahoo.com,+12145551260,Atlanta,GA
p1261,Maria Lee,maria.lee1261@yahoo.com,+12145551261,Tulsa,OK
p1262,Jennifer Taylor,jennifer.taylor1262@yahoo.com,+12145551262,Denver,CO
p1263,Michael Brown,michael.brown1263@gmail.com,+12145551263,Frisco,TX
p1264,James Jackson,james.jackson1264@example.com,+12145551264,Miami,FL
p1265,Miguel Walker,miguel.walker1265@example.com,+12145551265,Tulsa,OK
p1266,Michael Walker,michael.walker1266@example.com,+12145551266,Frisco,TX
p1267,Steven Nguyen,steven.nguyen1267@outlook.com,+12145551267,Phoenix,AZ
p1268,Susan Kim,susan.kim1268@yahoo.com,+12145551268,Phoenix,AZ
p1269,Maria Patel,maria.patel1269@outlook.com,+12145551269,Tulsa,OK
p1270,Nancy Anderson,nancy.anderson1270@outlook.com,+12145551270,Frisco,TX
p1271,Robert Smith,robert.smith1271@yahoo.com,+12145551271,Phoenix,AZ
p1272,Susan Taylor,susan.taylor1272@gmail.com,+12145551272,Denver,CO
p1273,Laura Kim,laura.kim1273@gmail.com,+12145551273,Tulsa,OK
p1274,Nancy Taylor,nancy.taylor1274@yahoo.com,+12145551274,Atlanta,GA
p1275,Robert Walker,robert.walker1275@yahoo.com,+12145551275,Miami,FL
p1276,Nancy Walker,nancy.walker1276@example.com,+12145551276,Tampa,FL
p1277,Jennifer Martinez,jennifer.martinez1277@example.com,+12145551277,Tampa,FL
p1278,Jennifer Anderson,jennifer.anderson1278@example.com,+12145551278,Dallas,TX
p1279,Jennifer Brown,jennifer.brown1279@outlook.com,+12145551279,Atlanta,GA
p1280,Karen Walker,karen.walker1280@example.com,+12145551280,Tulsa,OK
p1281,David Garcia,david.garcia1281@yahoo.com,+12145551281,Frisco,TX
p1282,Karen Miller,karen.miller1282@example.com,+12145551282,Denver,CO
p1283,William Hall,william.hall1283@yahoo.com,+12145551283,Denver,CO
p1284,Carlos Smith,carlos.smith1284@gmail.com,+12145551284,Frisco,TX
p1285,Amy Smith,amy.smith1285@gmail.com,+12145551285,Frisco,TX
p1286,Karen Anderson,karen.anderson1286@example.com,+12145551286,Frisco,TX
p1287,Robert Wilson,robert.wilson1287@yahoo.com,+12145551287,Dallas,TX
p1288,Robert Kim,robert.kim1288@outlook.com,+12145551288,Austin,TX
p1289,Nancy Taylor,nancy.taylor1289@outlook.com,+12145551289,Denver,CO
p1290,Miguel Johnson,miguel.johnson1290@gmail.com,+12145551290,Miami,FL
p1291,Michael Johnson,michael.johnson1291@example.com,+12145551291,Tulsa,OK
p1292,Maria Walker,maria.walker1292@yahoo.com,+12145551292,Denver,CO
p1293,David Anderson,david.anderson1293@gmail.com,+12145551293,Tampa,FL
p1294,Linda Wilson,linda.wilson1294@example.com,+12145551294,Tampa,FL
p1295,Jennifer Johnson,jennifer.johnson1295@example.com,+12145551295,Austin,TX
p1296,Linda Brown,linda.brown1296@example.com,+12145551296,Austin,TX
p1297,Thomas Taylor,thomas.taylor1297@yahoo.com,+12145551297,Miami,FL
p1298,James Walker,james.walker1298@gmail.com,+12145551298,Phoenix,AZ
p1299,William Kim,william.kim1299@yahoo.com,+12145551299,Tulsa,OK
p1300,Susan Johnson,susan.johnson1300@gmail.com,+12145551300,Austin,TX
p1301,Jennifer Nguyen,jennifer.nguyen1301@gmail.com,+12145551301,Miami,FL
p1302,Sarah Anderson,sarah.anderson1302@gmail.com,+12145551302,Atlanta,GA
p1303,Thomas Wilson,thomas.wilson1303@gmail.com,+12145551303,Plano,TX
p1304,Steven Kim,steven.kim1304@yahoo.com,+12145551304,Atlanta,GA
p1305,Susan Garcia,susan.garcia1305@yahoo.com,+12145551305,Austin,TX
p1306,Laura Garcia,laura.garcia1306@outlook.com,+12145551306,Atlanta,GA
p1307,James Johnson,james.johnson1307@yahoo.com,+12145551307,Miami,FL
p1308,Amy Miller,amy.miller1308@example.com,+12145551308,Frisco,TX
p1309,Jennifer Moore,jennifer.moore1309@outlook.com,+12145551309,Phoenix,AZ
p1310,Miguel Lopez,miguel.lopez1310@example.com,+12145551310,Plano,TX
p1311,Susan Davis,susan.davis1311@gmail.com,+12145551311,Tulsa,OK
p1312,Laura Patel,laura.patel1312@outlook.com,+12145551312,Phoenix,AZ
p1313,Amy Kim,amy.kim1313@yahoo.com,+12145551313,Austin,TX
p1314,Amy Jackson,amy.jackson1314@example.com,+12145551314,Miami,FL
p1315,William Hall,william.hall1315@yahoo.com,+12145551315,Phoenix,AZ
p1316,Maria Brown,maria.brown1316@example.com,+12145551316,Frisco,TX
p1317,Karen Anderson,karen.anderson1317@outlook.com,+12145551317,Phoenix,AZ
p1318,Miguel Smith,miguel.smith1318@example.com,+12145551318,Phoenix,AZ
p1319,Sarah Smith,sarah.smith1319@outlook.com,+12145551319,Atlanta,GA
p1320,Angela Wilson,angela.wilson1320@gmail.com,+12145551320,Miami,FL
p1321,Amy Lee,amy.lee1321@example.com,+12145551321,Austin,TX
p1322,Amy Davis,amy.davis1322@outlook.com,+12145551322,Atlanta,GA
p1323,Carlos Nguyen,carlos.nguyen1323@gmail.com,+12145551323,Miami,FL
p1324,Linda Brown,linda.brown1324@gmail.com,+12145551324,Dallas,TX
p1325,Michael Martinez,michael.martinez1325@yahoo.com,+12145551325,Plano,TX
p1326,Linda Kim,linda.kim1326@gmail.com,+12145551326,Austin,TX
p1327,James Young,james.young1327@example.com,+12145551327,Tampa,FL
p1328,Daniel Hall,daniel.hall1328@outlook.com,+12145551328,Atlanta,GA
p1329,James Jackson,james.jackson1329@gmail.com,+12145551329,Austin,TX
p1330,Robert Lopez,robert.lopez1330@gmail.com,+12145551330,Denver,CO
p1331,Miguel Johnson,miguel.johnson1331@example.com,+12145551331,Miami,FL
p1332,Susan Johnson,susan.johnson1332@outlook.com,+12145551332,Atlanta,GA
p1333,Daniel Johnson,daniel.johnson1333@outlook.com,+12145551333,Dallas,TX
p1334,Maria Lopez,maria.lopez1334@gmail.com,+12145551334,Phoenix,AZ
p1335,Linda Wilson,linda.wilson1335@example.com,+12145551335,Phoenix,AZ
p1336,David Lopez,david.lopez1336@yahoo.com,+12145551336,Phoenix,AZ
p1337,Steven Martinez,steven.martinez1337@example.com,+12145551337,Phoenix,AZ
p1338,Linda Young,linda.young1338@example.com,+12145551338,Miami,FL
p1339,Nancy Miller,nancy.miller1339@yahoo.com,+12145551339,Frisco,TX
p1340,Amy Lee,amy.lee1340@outlook.com,+12145551340,Phoenix,AZ
p1341,Sarah Walker,sarah.walker1341@example.com,+12145551341,Atlanta,GA
p1342,Susan Moore,susan.moore1342@outlook.com,+12145551342,Phoenix,AZ
p1343,Susan Nguyen,susan.nguyen1343@outlook.com,+12145551343,Tampa,FL
p1344,Angela Wilson,angela.wilson1344@yahoo.com,+12145551344,Atlanta,GA
p1345,Thomas Walker,thomas.walker1345@outlook.com,+12145551345,Tulsa,OK
p1346,Miguel Patel,miguel.patel1346@gmail.com,+12145551346,Tampa,FL
p1347,James Taylor,james.taylor1347@gmail.com,+12145551347,Atlanta,GA
p1348,Daniel Davis,daniel.davis1348@gmail.com,+12145551348,Tulsa,OK
p1349,Karen Wilson,karen.wilson1349@outlook.com,+12145551349,Austin,TX
p1350,Robert Anderson,robert.anderson1350@yahoo.com,+12145551350,Phoenix,AZ
p1351,Linda Johnson,linda.johnson1351@outlook.com,+12145551351,Denver,CO
p1352,Michael Davis,michael.davis1352@outlook.com,+12145551352,Tulsa,OK
p1353,Steven Wilson,steven.wilson1353@outlook.com,+12145551353,Austin,TX
p1354,Karen Garcia,karen.garcia1354@example.com,+12145551354,Atlanta,GA
p1355,Steven Lopez,steven.lopez1355@outlook.com,+12145551355,Dallas,TX
p1356,Laura Martinez,laura.martinez1356@gmail.com,+12145551356,Denver,CO
p1357,Angela Taylor,angela.taylor1357@example.com,+12145551357,Plano,TX
p1358,Maria Johnson,maria.johnson1358@outlook.com,+12145551358,Miami,FL
p1359,Nancy Nguyen,nancy.nguyen1359@yahoo.com,+12145551359,Dallas,TX
p1360,Angela Smith,angela.smith1360@gmail.com,+12145551360,Tampa,FL
p1361,Karen Brown,karen.brown1361@outlook.com,+12145551361,Plano,TX
p1362,Amy Young,amy.young1362@outlook.com,+12145551362,Frisco,TX
p1363,Daniel Wilson,daniel.wilson1363@gmail.com,+12145551363,Frisco,TX
p1364,Thomas Patel,thomas.patel1364@gmail.com,+12145551364,Atlanta,GA
p1365,Jennifer Nguyen,jennifer.nguyen1365@example.com,+12145551365,Tulsa,OK
p1366,Michael Davis,michael.davis1366@gmail.com,+12145551366,Miami,FL
p1367,Laura Young,laura.young1367@example.com,+12145551367,Plano,TX
p1368,William Garcia,william.garcia1368@example.com,+12145551368,Tampa,FL
p1369,Michael Davis,michael.davis1369@yahoo.com,+12145551369,Denver,CO
p1370,Laura Lee,laura.lee1370@yahoo.com,+12145551370,Atlanta,GA
p1371,Amy Hall,amy.hall1371@yahoo.com,+12145551371,Phoenix,AZ
p1372,Jennifer Garcia,jennifer.garcia1372@example.com,+12145551372,Tulsa,OK
p1373,Carlos Young,carlos.young1373@gmail.com,+12145551373,Dallas,TX
p1374,Nancy Nguyen,nancy.nguyen1374@outlook.com,+12145551374,Miami,FL
p1375,David Moore,david.moore1375@gmail.com,+12145551375,Miami,FL
p1376,Karen Martinez,karen.martinez1376@example.com,+12145551376,Miami,FL
p1377,Angela Davis,angela.davis1377@gmail.com,+12145551377,Denver,CO
p1378,Jennifer Lopez,jennifer.lopez1378@yahoo.com,+12145551378,Miami,FL
p1379,Maria Miller,maria.miller1379@yahoo.com,+12145551379,Plano,TX
p1380,Angela Davis,angela.davis1380@gmail.com,+12145551380,Tulsa,OK
p1381,Carlos Miller,carlos.miller1381@example.com,+12145551381,Tulsa,OK
p1382,Laura Smith,laura.smith1382@yahoo.com,+12145551382,Miami,FL
p1383,Amy Lopez,amy.lopez1383@outlook.com,+12145551383,Austin,TX
p1384,Amy Kim,amy.kim1384@yahoo.com,+12145551384,Atlanta,GA
p1385,Robert Lee,robert.lee1385@gmail.com,+12145551385,Atlanta,GA
p1386,William Martinez,william.martinez1386@outlook.com,+12145551386,Plano,TX
p1387,David Hall,david.hall1387@gmail.com,+12145551387,Tulsa,OK
p1388,Miguel Smith,miguel.smith1388@example.com,+12145551388,Dallas,TX
p1389,William Jackson,william.jackson1389@gmail.com,+12145551389,Dallas,TX
p1390,Karen Lee,karen.lee1390@example.com,+12145551390,Austin,TX
p1391,Daniel Miller,daniel.miller1391@example.com,+12145551391,Miami,FL
p1392,Angela Walker,angela.walker1392@yahoo.com,+12145551392,Dallas,TX
p1393,David Brown,david.brown1393@gmail.com,+12145551393,Denver,CO
p1394,James Wilson,james.wilson1394@outlook.com,+12145551394,Phoenix,AZ
p1395,Carlos Kim,carlos.kim1395@yahoo.com,+12145551395,Tampa,FL
p1396,Robert Jackson,robert.jackson1396@outlook.com,+12145551396,Miami,FL
p1397,Karen Wilson,karen.wilson1397@outlook.com,+12145551397,Phoenix,AZ
p1398,James Anderson,james.anderson1398@gmail.com,+12145551398,Tampa,FL
p1399,Amy Anderson,amy.anderson1399@yahoo.com,+12145551399,Austin,TX
p1400,Carlos Lee,carlos.lee1400@gmail.com,+12145551400,Frisco,TX
p1401,Thomas Brown,thomas.brown1401@yahoo.com,+12145551401,Atlanta,GA
p1402,Nancy Wilson,nancy.wilson1402@yahoo.com,+12145551402,Atlanta,GA
p1403,Nancy Taylor,nancy.taylor1403@outlook.com,+12145551403,Atlanta,GA
p1404,Miguel Walker,miguel.walker1404@yahoo.com,+12145551404,Frisco,TX
p1405,Michael Young,michael.young1405@yahoo.com,+12145551405,Phoenix,AZ
p1406,Michael Taylor,michael.taylor1406@yahoo.com,+12145551406,Phoenix,AZ
p1407,Nancy Davis,nancy.davis1407@yahoo.com,+12145551407,Atlanta,GA
p1408,Carlos Garcia,carlos.garcia1408@gmail.com,+12145551408,Phoenix,AZ
p1409,Sarah Moore,sarah.moore1409@gmail.com,+12145551409,Frisco,TX
p1410,Carlos Nguyen,carlos.nguyen1410@outlook.com,+12145551410,Tampa,FL
p1411,Miguel Anderson,miguel.anderson1411@yahoo.com,+12145551411,Frisco,TX
p1412,Linda Davis,linda.davis1412@gmail.com,+12145551412,Frisco,TX
p1413,Angela Hall,angela.hall1413@yahoo.com,+12145551413,Tulsa,OK
p1414,Angela Wilson,angela.wilson1414@gmail.com,+12145551414,Austin,TX
p1415,Susan Garcia,susan.garcia1415@yahoo.com,+12145551415,Denver,CO
p1416,Daniel Hall,daniel.hall1416@outlook.com,+12145551416,Denver,CO
p1417,Sarah Lee,sarah.lee1417@example.com,+12145551417,Denver,CO
p1418,Michael Martinez,michael.martinez1418@yahoo.com,+12145551418,Austin,TX
p1419,James Nguyen,james.nguyen1419@outlook.com,+12145551419,Plano,TX
p1420,Nancy Wilson,nancy.wilson1420@yahoo.com,+12145551420,Austin,TX
p1421,Maria Martinez,maria.martinez1421@example.com,+12145551421,Denver,CO
p1422,Carlos Patel,carlos.patel1422@example.com,+12145551422,Austin,TX
p1423,Thomas Johnson,thomas.johnson1423@example.com,+12145551423,Atlanta,GA
p1424,Carlos Lee,carlos.lee1424@gmail.com,+12145551424,Atlanta,GA
p1425,Daniel Miller,daniel.miller1425@example.com,+12145551425,Denver,CO
p1426,James Wilson,james.wilson1426@example.com,+12145551426,Phoenix,AZ
p1427,James Walker,james.walker1427@gmail.com,+12145551427,Tampa,FL
p1428,David Taylor,david.taylor1428@example.com,+12145551428,Denver,CO
p1429,Karen Taylor,karen.taylor1429@yahoo.com,+12145551429,Denver,CO
p1430,Nancy Taylor,nancy.taylor1430@gmail.com,+12145551430,Atlanta,GA
p1431,Daniel Davis,daniel.davis1431@example.com,+12145551431,Denver,CO
p1432,Maria Brown,maria.brown1432@yahoo.com,+12145551432,Dallas,TX
p1433,Steven Walker,steven.walker1433@example.com,+12145551433,Frisco,TX
p1434,Nancy Moore,nancy.moore1434@gmail.com,+12145551434,Denver,CO
p1435,Sarah Patel,sarah.patel1435@yahoo.com,+12145551435,Atlanta,GA
p1436,Miguel Garcia,miguel.garcia1436@outlook.com,+12145551436,Tulsa,OK
p1437,Sarah Miller,sarah.miller1437@gmail.com,+12145551437,Dallas,TX
p1438,Miguel Jackson,miguel.jackson1438@example.com,+12145551438,Dallas,TX
p1439,Daniel Hall,daniel.hall1439@example.com,+12145551439,Frisco,TX
p1440,Amy Lee,amy.lee1440@yahoo.com,+12145551440,Plano,TX
p1441,Carlos Young,carlos.young1441@yahoo.com,+12145551441,Frisco,TX
p1442,Michael Martinez,michael.martinez1442@example.com,+12145551442,Plano,TX
p1443,Karen Taylor,karen.taylor1443@outlook.com,+12145551443,Denver,CO
p1444,Sarah Miller,sarah.miller1444@yahoo.com,+12145551444,Frisco,TX
p1445,Robert Hall,robert.hall1445@gmail.com,+12145551445,Tulsa,OK
p1446,Miguel Kim,miguel.kim1446@gmail.com,+12145551446,Denver,CO
p1447,Angela Kim,angela.kim1447@yahoo.com,+12145551447,Austin,TX
p1448,Steven Kim,steven.kim1448@example.com,+12145551448,Denver,CO
p1449,Miguel Garcia,miguel.garcia1449@gmail.com,+12145551449,Atlanta,GA
p1450,Jennifer Walker,jennifer.walker1450@yahoo.com,+12145551450,Tulsa,OK
p1451,James Martinez,james.martinez1451@gmail.com,+12145551451,Frisco,TX
p1452,Susan Johnson,susan.johnson1452@gmail.com,+12145551452,Frisco,TX
p1453,Steven Hall,steven.hall1453@outlook.com,+12145551453,Tulsa,OK
p1454,Maria Johnson,maria.johnson1454@example.com,+12145551454,Dallas,TX
p1455,Sarah Martinez,sarah.martinez1455@yahoo.com,+12145551455,Tulsa,OK
p1456,Miguel Young,miguel.young1456@gmail.com,+12145551456,Miami,FL
p1457,Maria Taylor,maria.taylor1457@outlook.com,+12145551457,Miami,FL
p1458,Thomas Garcia,thomas.garcia1458@gmail.com,+12145551458,Tampa,FL
p1459,Karen Kim,karen.kim1459@gmail.com,+12145551459,Frisco,TX
p1460,William Moore,william.moore1460@example.com,+12145551460,Phoenix,AZ
p1461,Daniel Lopez,daniel.lopez1461@gmail.com,+12145551461,Austin,TX
p1462,Linda Young,linda.young1462@gmail.com,+12145551462,Phoenix,AZ
p1463,Laura Hall,laura.hall1463@example.com,+12145551463,Tulsa,OK
p1464,Angela Moore,angela.moore1464@outlook.com,+12145551464,Tulsa,OK
p1465,Michael Hall,michael.hall1465@example.com,+12145551465,Atlanta,GA
p1466,Daniel Kim,daniel.kim1466@yahoo.com,+12145551466,Denver,CO
p1467,Angela Wilson,angela.wilson1467@yahoo.com,+12145551467,Tulsa,OK
p1468,Robert Miller,robert.miller1468@example.com,+12145551468,Plano,TX
p1469,Linda Lopez,linda.lopez1469@example.com,+12145551469,Atlanta,GA
p1470,Nancy Johnson,nancy.johnson1470@outlook.com,+12145551470,Miami,FL
p1471,Amy Lopez,amy.lopez1471@yahoo.com,+12145551471,Plano,TX
p1472,Karen Anderson,karen.anderson1472@outlook.com,+12145551472,Dallas,TX
p1473,Karen Brown,karen.brown1473@outlook.com,+12145551473,Phoenix,AZ
p1474,Robert Miller,robert.miller1474@outlook.com,+12145551474,Miami,FL
p1475,Thomas Young,thomas.young1475@gmail.com,+12145551475,Atlanta,GA
p1476,Sarah Lopez,sarah.lopez1476@outlook.com,+12145551476,Miami,FL
p1477,Laura Kim,laura.kim1477@yahoo.com,+12145551477,Plano,TX
p1478,Laura Davis,laura.davis1478@outlook.com,+12145551478,Denver,CO
p1479,Miguel Nguyen,miguel.nguyen1479@outlook.com,+12145551479,Plano,TX
p1480,Steven Moore,steven.moore1480@gmail.com,+12145551480,Phoenix,AZ
p1481,David Young,david.young1481@outlook.com,+12145551481,Miami,FL
p1482,Maria Davis,maria.davis1482@gmail.com,+12145551482,Tulsa,OK
p1483,Carlos Lee,carlos.lee1483@yahoo.com,+12145551483,Phoenix,AZ
p1484,Steven Hall,steven.hall1484@yahoo.com,+12145551484,Tampa,FL
p1485,Angela Miller,angela.miller1485@outlook.com,+12145551485,Tulsa,OK
p1486,James Anderson,james.anderson1486@gmail.com,+12145551486,Tampa,FL
p1487,Laura Wilson,laura.wilson1487@example.com,+12145551487,Miami,FL
p1488,Karen Lopez,karen.lopez1488@outlook.com,+12145551488,Phoenix,AZ
p1489,Sarah Miller,sarah.miller1489@gmail.com,+12145551489,Miami,FL
p1490,David Garcia,david.garcia1490@gmail.com,+12145551490,Denver,CO
p1491,Laura Brown,laura.brown1491@yahoo.com,+12145551491,Frisco,TX
p1492,Carlos Kim,carlos.kim1492@outlook.com,+12145551492,Phoenix,AZ
p1493,Carlos Davis,carlos.davis1493@yahoo.com,+12145551493,Dallas,TX
p1494,David Johnson,david.johnson1494@example.com,+12145551494,Denver,CO
p1495,Daniel Miller,daniel.miller1495@outlook.com,+12145551495,Plano,TX
p1496,James Hall,james.hall1496@outlook.com,+12145551496,Dallas,TX
p1497,Miguel Johnson,miguel.johnson1497@outlook.com,+12145551497,Dallas,TX
p1498,Robert Young,robert.young1498@yahoo.com,+12145551498,Tulsa,OK
p1499,Carlos Lopez,carlos.lopez1499@outlook.com,+12145551499,Austin,TX
p1500,William Walker,william.walker1500@example.com,+12145551500,Miami,FL
p1501,Linda Anderson,linda.anderson1501@yahoo.com,+12145551501,Frisco,TX
p1502,William Miller,william.miller1502@gmail.com,+12145551502,Plano,TX
p1503,David Walker,david.walker1503@outlook.com,+12145551503,Miami,FL
p1504,William Davis,william.davis1504@yahoo.com,+12145551504,Tulsa,OK
p1505,Sarah Garcia,sarah.garcia1505@outlook.com,+12145551505,Tulsa,OK
p1506,Amy Patel,amy.patel1506@yahoo.com,+12145551506,Plano,TX
p1507,Robert Kim,robert.kim1507@gmail.com,+12145551507,Plano,TX
p1508,Thomas Johnson,thomas.johnson1508@example.com,+12145551508,Dallas,TX
p1509,Thomas Martinez,thomas.martinez1509@example.com,+12145551509,Atlanta,GA
p1510,Angela Jackson,angela.jackson1510@outlook.com,+12145551510,Tulsa,OK
p1511,David Walker,david.walker1511@example.com,+12145551511,Dallas,TX
p1512,Steven Davis,steven.davis1512@example.com,+12145551512,Dallas,TX
p1513,Linda Patel,linda.patel1513@example.com,+12145551513,Tulsa,OK
p1514,Laura Wilson,laura.wilson1514@yahoo.com,+12145551514,Austin,TX
p1515,Angela Anderson,angela.anderson1515@example.com,+12145551515,Miami,FL
p1516,Sarah Moore,sarah.moore1516@example.com,+12145551516,Miami,FL
p1517,Laura Smith,laura.smith1517@example.com,+12145551517,Dallas,TX
p1518,Linda Jackson,linda.jackson1518@example.com,+12145551518,Denver,CO
p1519,Sarah Taylor,sarah.taylor1519@yahoo.com,+12145551519,Miami,FL
p1520,Daniel Miller,daniel.miller1520@gmail.com,+12145551520,Tampa,FL
p1521,Carlos Walker,carlos.walker1521@outlook.com,+12145551521,Dallas,TX
p1522,Amy Patel,amy.patel1522@example.com,+12145551522,Tampa,FL
p1523,Jennifer Hall,jennifer.hall1523@yahoo.com,+12145551523,Austin,TX
p1524,Laura Lee,laura.lee1524@outlook.com,+12145551524,Dallas,TX
p1525,David Young,david.young1525@example.com,+12145551525,Tampa,FL
p1526,Steven Moore,steven.moore1526@yahoo.com,+12145551526,Phoenix,AZ
p1527,Sarah Garcia,sarah.garcia1527@example.com,+12145551527,Atlanta,GA
p1528,Linda Young,linda.young1528@example.com,+12145551528,Atlanta,GA
p1529,Carlos Walker,carlos.walker1529@example.com,+12145551529,Dallas,TX
p1530,Sarah Taylor,sarah.taylor1530@gmail.com,+12145551530,Tampa,FL
p1531,Angela Miller,angela.miller1531@example.com,+12145551531,Atlanta,GA
p1532,Carlos Kim,carlos.kim1532@gmail.com,+12145551532,Plano,TX
p1533,David Davis,david.davis1533@gmail.com,+12145551533,Atlanta,GA
p1534,Michael Davis,michael.davis1534@outlook.com,+12145551534,Denver,CO
p1535,Thomas Hall,thomas.hall1535@example.com,+12145551535,Atlanta,GA
p1536,David Lopez,david.lopez1536@outlook.com,+12145551536,Miami,FL
p1537,Steven Taylor,steven.taylor1537@outlook.com,+12145551537,Tampa,FL
p1538,Maria Young,maria.young1538@example.com,+12145551538,Plano,TX
p1539,Michael Taylor,michael.taylor1539@outlook.com,+12145551539,Plano,TX
p1540,Amy Johnson,amy.johnson1540@outlook.com,+12145551540,Plano,TX
p1541,Linda Taylor,linda.taylor1541@yahoo.com,+12145551541,Plano,TX
p1542,Nancy Young,nancy.young1542@outlook.com,+12145551542,Tampa,FL
p1543,Thomas Lee,thomas.lee1543@example.com,+12145551543,Tampa,FL
p1544,Amy Lopez,amy.lopez1544@example.com,+12145551544,Frisco,TX
p1545,Michael Lopez,michael.lopez1545@example.com,+12145551545,Phoenix,AZ
p1546,Susan Nguyen,susan.nguyen1546@outlook.com,+12145551546,Frisco,TX
p1547,Michael Davis,michael.davis1547@gmail.com,+12145551547,Plano,TX
p1548,Robert Davis,robert.davis1548@example.com,+12145551548,Denver,CO
p1549,Michael Garcia,michael.garcia1549@example.com,+12145551549,Frisco,TX
p1550,Miguel Hall,miguel.hall1550@yahoo.com,+12145551550,Tampa,FL
p1551,Miguel Brown,miguel.brown1551@example.com,+12145551551,Tampa,FL
p1552,Thomas Jackson,thomas.jackson1552@yahoo.com,+12145551552,Austin,TX
p1553,Nancy Hall,nancy.hall1553@example.com,+12145551553,Plano,TX
p1554,Jennifer Brown,jennifer.brown1554@example.com,+12145551554,Tulsa,OK
p1555,Amy Young,amy.young1555@gmail.com,+12145551555,Miami,FL
p1556,James Young,james.young1556@outlook.com,+12145551556,Denver,CO
p1557,Linda Young,linda.young1557@gmail.com,+12145551557,Denver,CO
p1558,Michael Brown,michael.brown1558@example.com,+12145551558,Tulsa,OK
p1559,Daniel Garcia,daniel.garcia1559@gmail.com,+12145551559,Phoenix,AZ
p1560,Jennifer Kim,jennifer.kim1560@outlook.com,+12145551560,Dallas,TX
p1561,Angela Johnson,angela.johnson1561@gmail.com,+12145551561,Miami,FL
p1562,Laura Patel,laura.patel1562@example.com,+12145551562,Phoenix,AZ
p1563,Steven Moore,steven.moore1563@outlook.com,+12145551563,Tampa,FL
p1564,Karen Taylor,karen.taylor1564@gmail.com,+12145551564,Frisco,TX
p1565,Angela Taylor,angela.taylor1565@outlook.com,+12145551565,Atlanta,GA
p1566,James Kim,james.kim1566@yahoo.com,+12145551566,Atlanta,GA
p1567,Steven Johnson,steven.johnson1567@gmail.com,+12145551567,Tulsa,OK
p1568,Karen Kim,karen.kim1568@yahoo.com,+12145551568,Dallas,TX
p1569,Daniel Garcia,daniel.garcia1569@outlook.com,+12145551569,Tulsa,OK
p1570,Michael Hall,michael.hall1570@outlook.com,+12145551570,Tulsa,OK
p1571,William Smith,william.smith1571@yahoo.com,+12145551571,Dallas,TX
p1572,Steven Davis,steven.davis1572@outlook.com,+12145551572,Denver,CO
p1573,Sarah Anderson,sarah.anderson1573@example.com,+12145551573,Austin,TX
p1574,Sarah Brown,sarah.brown1574@outlook.com,+12145551574,Plano,TX
p1575,Maria Davis,maria.davis1575@yahoo.com,+12145551575,Atlanta,GA
p1576,Laura Nguyen,laura.nguyen1576@yahoo.com,+12145551576,Tampa,FL
p1577,Miguel Martinez,miguel.martinez1577@outlook.com,+12145551577,Austin,TX
p1578,James Anderson,james.anderson1578@gmail.com,+12145551578,Dallas,TX
p1579,Sarah Patel,sarah.patel1579@example.com,+12145551579,Tampa,FL
p1580,Karen Kim,karen.kim1580@yahoo.com,+12145551580,Phoenix,AZ
p1581,Thomas Lee,thomas.lee1581@outlook.com,+12145551581,Denver,CO
p1582,Michael Brown,michael.brown1582@gmail.com,+12145551582,Tampa,FL
p1583,Karen Patel,karen.patel1583@outlook.com,+12145551583,Tampa,FL
p1584,Daniel Johnson,daniel.johnson1584@outlook.com,+12145551584,Dallas,TX
p1585,Nancy Hall,nancy.hall1585@outlook.com,+12145551585,Tulsa,OK
p1586,William Anderson,william.anderson1586@outlook.com,+12145551586,Dallas,TX
p1587,Steven Lee,steven.lee1587@yahoo.com,+12145551587,Denver,CO
p1588,Steven Lopez,steven.lopez1588@outlook.com,+12145551588,Phoenix,AZ
p1589,Sarah Moore,sarah.moore1589@gmail.com,+12145551589,Phoenix,AZ
p1590,Robert Garcia,robert.garcia1590@example.com,+12145551590,Plano,TX
p1591,Linda Brown,linda.brown1591@example.com,+12145551591,Dallas,TX
p1592,Susan Wilson,susan.wilson1592@outlook.com,+12145551592,Tulsa,OK
p1593,David Johnson,david.johnson1593@gmail.com,+12145551593,Plano,TX
p1594,James Hall,james.hall1594@gmail.com,+12145551594,Austin,TX
p1595,Linda Garcia,linda.garcia1595@yahoo.com,+12145551595,Atlanta,GA
p1596,Thomas Young,thomas.young1596@gmail.com,+12145551596,Frisco,TX
p1597,Sarah Anderson,sarah.anderson1597@example.com,+12145551597,Tulsa,OK
p1598,Maria Patel,maria.patel1598@example.com,+12145551598,Tulsa,OK
p1599,Carlos Anderson,carlos.anderson1599@gmail.com,+12145551599,Frisco,TX
p1600,William Johnson,william.johnson1600@example.com,+12145551600,Tampa,FL
p1601,Carlos Johnson,carlos.johnson1601@outlook.com,+12145551601,Tulsa,OK
p1602,Sarah Patel,sarah.patel1602@example.com,+12145551602,Dallas,TX
p1603,David Hall,david.hall1603@yahoo.com,+12145551603,Tampa,FL
p1604,Laura Miller,laura.miller1604@example.com,+12145551604,Frisco,TX
p1605,David Hall,david.hall1605@example.com,+12145551605,Dallas,TX
p1606,William Miller,william.miller1606@gmail.com,+12145551606,Plano,TX
p1607,Maria Young,maria.young1607@example.com,+12145551607,Tulsa,OK
p1608,Robert Kim,robert.kim1608@gmail.com,+12145551608,Frisco,TX
p1609,James Lee,james.lee1609@yahoo.com,+12145551609,Tulsa,OK
p1610,Carlos Lee,carlos.lee1610@gmail.com,+12145551610,Atlanta,GA
p1611,Daniel Kim,daniel.kim1611@example.com,+12145551611,Denver,CO
p1612,Thomas Garcia,thomas.garcia1612@yahoo.com,+12145551612,Phoenix,AZ
p1613,Robert Lee,robert.lee1613@gmail.com,+12145551613,Denver,CO
p1614,Steven Walker,steven.walker1614@outlook.com,+12145551614,Miami,FL
p1615,Karen Lee,karen.lee1615@gmail.com,+12145551615,Plano,TX
p1616,Susan Walker,susan.walker1616@gmail.com,+12145551616,Miami,FL
p1617,Miguel Taylor,miguel.taylor1617@yahoo.com,+12145551617,Austin,TX
p1618,Amy Johnson,amy.johnson1618@yahoo.com,+12145551618,Tampa,FL
p1619,Karen Lee,karen.lee1619@outlook.com,+12145551619,Dallas,TX
p1620,Laura Garcia,laura.garcia1620@yahoo.com,+12145551620,Denver,CO
p1621,Michael Johnson,michael.johnson1621@gmail.com,+12145551621,Austin,TX
p1622,Steven Wilson,steven.wilson1622@example.com,+12145551622,Denver,CO
p1623,Maria Walker,maria.walker1623@example.com,+12145551623,Tulsa,OK
p1624,Amy Patel,amy.patel1624@gmail.com,+12145551624,Plano,TX
p1625,Carlos Johnson,carlos.johnson1625@gmail.com,+12145551625,Miami,FL
p1626,Thomas Miller,thomas.miller1626@example.com,+12145551626,Austin,TX
p1627,Amy Davis,amy.davis1627@yahoo.com,+12145551627,Atlanta,GA
p1628,Maria Johnson,maria.johnson1628@example.com,+12145551628,Frisco,TX
p1629,Robert Kim,robert.kim1629@gmail.com,+12145551629,Atlanta,GA
p1630,Jennifer Davis,jennifer.davis1630@yahoo.com,+12145551630,Plano,TX
p1631,James Taylor,james.taylor1631@example.com,+12145551631,Dallas,TX
p1632,Angela Martinez,angela.martinez1632@gmail.com,+12145551632,Atlanta,GA
p1633,Linda Miller,linda.miller1633@yahoo.com,+12145551633,Denver,CO
p1634,Maria Lopez,maria.lopez1634@outlook.com,+12145551634,Tampa,FL
p1635,Thomas Moore,thomas.moore1635@yahoo.com,+12145551635,Dallas,TX
p1636,Carlos Lopez,carlos.lopez1636@yahoo.com,+12145551636,Plano,TX
p1637,Carlos Garcia,carlos.garcia1637@outlook.com,+12145551637,Dallas,TX
p1638,Michael Nguyen,michael.nguyen1638@outlook.com,+12145551638,Frisco,TX
p1639,Amy Martinez,amy.martinez1639@yahoo.com,+12145551639,Denver,CO
p1640,Steven Johnson,steven.johnson1640@gmail.com,+12145551640,Frisco,TX
p1641,Angela Lee,angela.lee1641@gmail.com,+12145551641,Frisco,TX
p1642,Laura Garcia,laura.garcia1642@gmail.com,+12145551642,Plano,TX
p1643,Sarah Garcia,sarah.garcia1643@outlook.com,+12145551643,Atlanta,GA
p1644,Nancy Kim,nancy.kim1644@yahoo.com,+12145551644,Frisco,TX
p1645,Michael Anderson,michael.anderson1645@example.com,+12145551645,Phoenix,AZ
p1646,Nancy Wilson,nancy.wilson1646@gmail.com,+12145551646,Frisco,TX
p1647,Angela Martinez,angela.martinez1647@gmail.com,+12145551647,Denver,CO
p1648,Karen Jackson,karen.jackson1648@gmail.com,+12145551648,Tampa,FL
p1649,Amy Wilson,amy.wilson1649@gmail.com,+12145551649,Austin,TX
p1650,Daniel Miller,daniel.miller1650@outlook.com,+12145551650,Atlanta,GA
p1651,Amy Brown,amy.brown1651@example.com,+12145551651,Austin,TX
p1652,David Anderson,david.anderson1652@yahoo.com,+12145551652,Plano,TX
p1653,Linda Davis,linda.davis1653@example.com,+12145551653,Denver,CO
p1654,Sarah Martinez,sarah.martinez1654@gmail.com,+12145551654,Plano,TX
p1655,Susan Taylor,susan.taylor1655@example.com,+12145551655,Austin,TX
p1656,William Moore,william.moore1656@example.com,+12145551656,Atlanta,GA
p1657,James Miller,james.miller1657@yahoo.com,+12145551657,Plano,TX
p1658,Sarah Smith,sarah.smith1658@gmail.com,+12145551658,Denver,CO
p1659,Maria Wilson,maria.wilson1659@outlook.com,+12145551659,Denver,CO
p1660,Nancy Lopez,nancy.lopez1660@yahoo.com,+12145551660,Miami,FL
p1661,Linda Moore,linda.moore1661@gmail.com,+12145551661,Austin,TX
p1662,Jennifer Nguyen,jennifer.nguyen1662@example.com,+12145551662,Austin,TX
p1663,Jennifer Garcia,jennifer.garcia1663@example.com,+12145551663,Denver,CO
p1664,James Nguyen,james.nguyen1664@yahoo.com,+12145551664,Frisco,TX
p1665,Angela Patel,angela.patel1665@example.com,+12145551665,Frisco,TX
p1666,Susan Davis,susan.davis1666@yahoo.com,+12145551666,Denver,CO
p1667,Susan Anderson,susan.anderson1667@outlook.com,+12145551667,Austin,TX
p1668,Michael Johnson,michael.johnson1668@gmail.com,+12145551668,Atlanta,GA
p1669,William Davis,william.davis1669@example.com,+12145551669,Dallas,TX
p1670,Miguel Nguyen,miguel.nguyen1670@outlook.com,+12145551670,Frisco,TX
p1671,Jennifer Taylor,jennifer.taylor1671@yahoo.com,+12145551671,Atlanta,GA
p1672,Angela Martinez,angela.martinez1672@yahoo.com,+12145551672,Atlanta,GA
p1673,Maria Nguyen,maria.nguyen1673@example.com,+12145551673,Phoenix,AZ
p1674,David Young,david.young1674@example.com,+12145551674,Denver,CO
p1675,William Smith,william.smith1675@yahoo.com,+12145551675,Tampa,FL
p1676,Jennifer Moore,jennifer.moore1676@yahoo.com,+12145551676,Tampa,FL
p1677,Steven Davis,steven.davis1677@gmail.com,+12145551677,Atlanta,GA
p1678,Nancy Johnson,nancy.johnson1678@example.com,+12145551678,Plano,TX
p1679,Daniel Johnson,daniel.johnson1679@example.com,+12145551679,Tampa,FL
p1680,Laura Miller,laura.miller1680@example.com,+12145551680,Denver,CO
p1681,Jennifer Garcia,jennifer.garcia1681@gmail.com,+12145551681,Phoenix,AZ
p1682,Nancy Lopez,nancy.lopez1682@outlook.com,+12145551682,Frisco,TX
p1683,Karen Wilson,karen.wilson1683@gmail.com,+12145551683,Dallas,TX
p1684,Laura Taylor,laura.taylor1684@example.com,+12145551684,Frisco,TX
p1685,Steven Young,steven.young1685@example.com,+12145551685,Plano,TX
p1686,Miguel Davis,miguel.davis1686@yahoo.com,+12145551686,Tampa,FL
p1687,Susan Patel,susan.patel1687@gmail.com,+12145551687,Plano,TX
p1688,Thomas Moore,thomas.moore1688@gmail.com,+12145551688,Phoenix,AZ
p1689,Karen Nguyen,karen.nguyen1689@yahoo.com,+12145551689,Tulsa,OK
p1690,Maria Hall,maria.hall1690@gmail.com,+12145551690,Miami,FL
p1691,Daniel Jackson,daniel.jackson1691@gmail.com,+12145551691,Plano,TX
p1692,Thomas Jackson,thomas.jackson1692@gmail.com,+12145551692,Denver,CO
p1693,Susan Jackson,susan.jackson1693@gmail.com,+12145551693,Frisco,TX
p1694,Amy Lopez,amy.lopez1694@outlook.com,+12145551694,Frisco,TX
p1695,Jennifer Walker,jennifer.walker1695@example.com,+12145551695,Dallas,TX
p1696,Steven Lopez,steven.lopez1696@outlook.com,+12145551696,Austin,TX
p1697,Susan Anderson,susan.anderson1697@example.com,+12145551697,Phoenix,AZ
p1698,William Johnson,william.johnson1698@outlook.com,+12145551698,Dallas,TX
p1699,Susan Patel,susan.patel1699@gmail.com,+12145551699,Denver,CO
p1700,Laura Walker,laura.walker1700@outlook.com,+12145551700,Phoenix,AZ
p1701,Miguel Hall,miguel.hall1701@gmail.com,+12145551701,Miami,FL
p1702,David Patel,david.patel1702@gmail.com,+12145551702,Dallas,TX
p1703,Thomas Martinez,thomas.martinez1703@gmail.com,+12145551703,Tulsa,OK
p1704,Linda Martinez,linda.martinez1704@gmail.com,+12145551704,Tulsa,OK
p1705,Michael Kim,michael.kim1705@yahoo.com,+12145551705,Frisco,TX
p1706,Daniel Smith,daniel.smith1706@example.com,+12145551706,Tulsa,OK
p1707,Amy Davis,amy.davis1707@outlook.com,+12145551707,Denver,CO
p1708,Nancy Patel,nancy.patel1708@outlook.com,+12145551708,Plano,TX
p1709,David Garcia,david.garcia1709@yahoo.com,+12145551709,Plano,TX
p1710,Daniel Moore,daniel.moore1710@outlook.com,+12145551710,Tampa,FL
p1711,Carlos Kim,carlos.kim1711@example.com,+12145551711,Atlanta,GA
p1712,Miguel Taylor,miguel.taylor1712@yahoo.com,+12145551712,Atlanta,GA
p1713,Karen Martinez,karen.martinez1713@yahoo.com,+12145551713,Tulsa,OK
p1714,Laura Jackson,laura.jackson1714@gmail.com,+12145551714,Tulsa,OK
p1715,Michael Jackson,michael.jackson1715@example.com,+12145551715,Tulsa,OK
p1716,Sarah Hall,sarah.hall1716@outlook.com,+12145551716,Frisco,TX
p1717,Sarah Martinez,sarah.martinez1717@yahoo.com,+12145551717,Frisco,TX
p1718,Jennifer Miller,jennifer.miller1718@outlook.com,+12145551718,Plano,TX
p1719,Steven Davis,steven.davis1719@outlook.com,+12145551719,Denver,CO
p1720,Susan Martinez,susan.martinez1720@gmail.com,+12145551720,Austin,TX
p1721,Carlos Jackson,carlos.jackson1721@outlook.com,+12145551721,Frisco,TX
p1722,Miguel Walker,miguel.walker1722@outlook.com,+12145551722,Frisco,TX
p1723,Linda Smith,linda.smith1723@example.com,+12145551723,Tampa,FL
p1724,Michael Patel,michael.patel1724@yahoo.com,+12145551724,Miami,FL
p1725,Robert Walker,robert.walker1725@outlook.com,+12145551725,Phoenix,AZ
p1726,Karen Kim,karen.kim1726@yahoo.com,+12145551726,Tulsa,OK
p1727,Steven Patel,steven.patel1727@gmail.com,+12145551727,Miami,FL
p1728,Laura Johnson,laura.johnson1728@gmail.com,+12145551728,Frisco,TX
p1729,Karen Smith,karen.smith1729@yahoo.com,+12145551729,Tampa,FL
p1730,Miguel Jackson,miguel.jackson1730@outlook.com,+12145551730,Dallas,TX
p1731,James Hall,james.hall1731@yahoo.com,+12145551731,Austin,TX
p1732,William Lopez,william.lopez1732@gmail.com,+12145551732,Plano,TX
p1733,Amy Patel,amy.patel1733@example.com,+12145551733,Dallas,TX
p1734,David Kim,david.kim1734@gmail.com,+12145551734,Miami,FL
p1735,Susan Lee,susan.lee1735@example.com,+12145551735,Frisco,TX
p1736,Susan Lee,susan.lee1736@gmail.com,+12145551736,Miami,FL
p1737,Karen Jackson,karen.jackson1737@outlook.com,+12145551737,Miami,FL
p1738,Miguel Walker,miguel.walker1738@yahoo.com,+12145551738,Dallas,TX
p1739,Miguel Nguyen,miguel.nguyen1739@outlook.com,+12145551739,Denver,CO
p1740,Sarah Nguyen,sarah.nguyen1740@yahoo.com,+12145551740,Tampa,FL
p1741,Steven Hall,steven.hall1741@yahoo.com,+12145551741,Dallas,TX
p1742,David Taylor,david.taylor1742@outlook.com,+12145551742,Denver,CO
p1743,Maria Young,maria.young1743@gmail.com,+12145551743,Tampa,FL
p1744,Robert Nguyen,robert.nguyen1744@example.com,+12145551744,Tulsa,OK
p1745,Sarah Walker,sarah.walker1745@yahoo.com,+12145551745,Denver,CO
p1746,David Martinez,david.martinez1746@outlook.com,+12145551746,Tampa,FL
p1747,Amy Kim,amy.kim1747@outlook.com,+12145551747,Plano,TX
p1748,Steven Taylor,steven.taylor1748@example.com,+12145551748,Denver,CO
p1749,Jennifer Smith,jennifer.smith1749@yahoo.com,+12145551749,Plano,TX
p1750,William Taylor,william.taylor1750@gmail.com,+12145551750,Denver,CO
p1751,Karen Nguyen,karen.nguyen1751@example.com,+12145551751,Frisco,TX
p1752,Jennifer Smith,jennifer.smith1752@outlook.com,+12145551752,Dallas,TX
p1753,Laura Garcia,laura.garcia1753@outlook.com,+12145551753,Atlanta,GA
p1754,Steven Kim,steven.kim1754@example.com,+12145551754,Atlanta,GA
p1755,William Kim,william.kim1755@outlook.com,+12145551755,Dallas,TX
p1756,Daniel Young,daniel.young1756@outlook.com,+12145551756,Plano,TX
p1757,Sarah Young,sarah.young1757@yahoo.com,+12145551757,Plano,TX
p1758,Carlos Patel,carlos.patel1758@outlook.com,+12145551758,Frisco,TX
p1759,Sarah Johnson,sarah.johnson1759@outlook.com,+12145551759,Tulsa,OK
p1760,Nancy Jackson,nancy.jackson1760@outlook.com,+12145551760,Plano,TX
p1761,Karen Brown,karen.brown1761@yahoo.com,+12145551761,Dallas,TX
p1762,Sarah Miller,sarah.miller1762@yahoo.com,+12145551762,Atlanta,GA
p1763,Amy Moore,amy.moore1763@outlook.com,+12145551763,Miami,FL
p1764,William Jackson,william.jackson1764@outlook.com,+12145551764,Dallas,TX
p1765,Michael Smith,michael.smith1765@outlook.com,+12145551765,Frisco,TX
p1766,Susan Kim,susan.kim1766@outlook.com,+12145551766,Tampa,FL
p1767,Sarah Miller,sarah.miller1767@yahoo.com,+12145551767,Austin,TX
p1768,Daniel Wilson,daniel.wilson1768@gmail.com,+12145551768,Austin,TX
p1769,Nancy Patel,nancy.patel1769@gmail.com,+12145551769,Dallas,TX
p1770,Michael Smith,michael.smith1770@outlook.com,+12145551770,Denver,CO
p1771,Karen Jackson,karen.jackson1771@example.com,+12145551771,Frisco,TX
p1772,Angela Brown,angela.brown1772@yahoo.com,+12145551772,Miami,FL
p1773,Karen Smith,karen.smith1773@yahoo.com,+12145551773,Dallas,TX
p1774,Michael Davis,michael.davis1774@outlook.com,+12145551774,Austin,TX
p1775,Michael Lopez,michael.lopez1775@gmail.com,+12145551775,Frisco,TX
p1776,Nancy Miller,nancy.miller1776@gmail.com,+12145551776,Dallas,TX
p1777,Laura Nguyen,laura.nguyen1777@yahoo.com,+12145551777,Plano,TX
p1778,Linda Johnson,linda.johnson1778@gmail.com,+12145551778,Phoenix,AZ
p1779,Laura Miller,laura.miller1779@gmail.com,+12145551779,Tulsa,OK
p1780,Maria Taylor,maria.taylor1780@gmail.com,+12145551780,Plano,TX
p1781,Linda Hall,linda.hall1781@yahoo.com,+12145551781,Austin,TX
p1782,Sarah Jackson,sarah.jackson1782@gmail.com,+12145551782,Plano,TX
p1783,Michael Anderson,michael.anderson1783@outlook.com,+12145551783,Atlanta,GA
p1784,Susan Martinez,susan.martinez1784@yahoo.com,+12145551784,Phoenix,AZ
p1785,Daniel Young,daniel.young1785@gmail.com,+12145551785,Dallas,TX
p1786,Steven Smith,steven.smith1786@yahoo.com,+12145551786,Phoenix,AZ
p1787,David Taylor,david.taylor1787@gmail.com,+12145551787,Frisco,TX
p1788,Linda Lopez,linda.lopez1788@example.com,+12145551788,Phoenix,AZ
p1789,Susan Young,susan.young1789@example.com,+12145551789,Frisco,TX
p1790,Linda Martinez,linda.martinez1790@example.com,+12145551790,Miami,FL
p1791,Nancy Lopez,nancy.lopez1791@yahoo.com,+12145551791,Phoenix,AZ
p1792,Nancy Miller,nancy.miller1792@gmail.com,+12145551792,Miami,FL
p1793,Miguel Miller,miguel.miller1793@yahoo.com,+12145551793,Phoenix,AZ
p1794,Laura Jackson,laura.jackson1794@gmail.com,+12145551794,Tulsa,OK
p1795,Maria Moore,maria.moore1795@gmail.com,+12145551795,Denver,CO
p1796,Thomas Taylor,thomas.taylor1796@outlook.com,+12145551796,Denver,CO
p1797,Miguel Wilson,miguel.wilson1797@example.com,+12145551797,Phoenix,AZ
p1798,Karen Nguyen,karen.nguyen1798@gmail.com,+12145551798,Austin,TX
p1799,Laura Jackson,laura.jackson1799@gmail.com,+12145551799,Frisco,TX
p1800,Laura Miller,laura.miller1800@example.com,+12145551800,Tampa,FL
p1801,Daniel Garcia,daniel.garcia1801@yahoo.com,+12145551801,Dallas,TX
p1802,Thomas Lee,thomas.lee1802@gmail.com,+12145551802,Atlanta,GA
p1803,Sarah Garcia,sarah.garcia1803@yahoo.com,+12145551803,Miami,FL
p1804,Carlos Lopez,carlos.lopez1804@example.com,+12145551804,Atlanta,GA
p1805,Linda Wilson,linda.wilson1805@example.com,+12145551805,Tampa,FL
p1806,William Young,william.young1806@outlook.com,+12145551806,Atlanta,GA
p1807,Thomas Jackson,thomas.jackson1807@example.com,+12145551807,Denver,CO
p1808,Laura Brown,laura.brown1808@yahoo.com,+12145551808,Tulsa,OK
p1809,Miguel Miller,miguel.miller1809@outlook.com,+12145551809,Dallas,TX
p1810,Laura Kim,laura.kim1810@yahoo.com,+12145551810,Austin,TX
p1811,Robert Miller,robert.miller1811@gmail.com,+12145551811,Plano,TX
p1812,Laura Smith,laura.smith1812@example.com,+12145551812,Frisco,TX
p1813,Angela Moore,angela.moore1813@outlook.com,+12145551813,Frisco,TX
p1814,Angela Hall,angela.hall1814@gmail.com,+12145551814,Dallas,TX
p1815,Daniel Kim,daniel.kim1815@yahoo.com,+12145551815,Denver,CO
p1816,Karen Kim,karen.kim1816@outlook.com,+12145551816,Denver,CO
p1817,Amy Moore,amy.moore1817@gmail.com,+12145551817,Phoenix,AZ
p1818,James Nguyen,james.nguyen1818@example.com,+12145551818,Dallas,TX
p1819,Miguel Moore,miguel.moore1819@example.com,+12145551819,Tampa,FL
p1820,Miguel Johnson,miguel.johnson1820@yahoo.com,+12145551820,Plano,TX
p1821,Amy Taylor,amy.taylor1821@example.com,+12145551821,Frisco,TX
p1822,Nancy Davis,nancy.davis1822@example.com,+12145551822,Tulsa,OK
p1823,Laura Miller,laura.miller1823@example.com,+12145551823,Atlanta,GA
p1824,Amy Walker,amy.walker1824@example.com,+12145551824,Atlanta,GA
p1825,Laura Walker,laura.walker1825@gmail.com,+12145551825,Frisco,TX
p1826,Thomas Anderson,thomas.anderson1826@example.com,+12145551826,Denver,CO
p1827,Angela Jackson,angela.jackson1827@outlook.com,+12145551827,Tulsa,OK
p1828,James Smith,james.smith1828@gmail.com,+12145551828,Atlanta,GA
p1829,Michael Jackson,michael.jackson1829@gmail.com,+12145551829,Miami,FL
p1830,Carlos Lee,carlos.lee1830@example.com,+12145551830,Dallas,TX
p1831,Susan Jackson,susan.jackson1831@outlook.com,+12145551831,Tampa,FL
p1832,James Wilson,james.wilson1832@yahoo.com,+12145551832,Austin,TX
p1833,Karen Young,karen.young1833@gmail.com,+12145551833,Dallas,TX
p1834,Karen Miller,karen.miller1834@yahoo.com,+12145551834,Miami,FL
p1835,Robert Walker,robert.walker1835@gmail.com,+12145551835,Miami,FL
p1836,Miguel Nguyen,miguel.nguyen1836@example.com,+12145551836,Atlanta,GA
p1837,William Smith,william.smith1837@gmail.com,+12145551837,Denver,CO
p1838,Carlos Lee,carlos.lee1838@example.com,+12145551838,Atlanta,GA
p1839,Carlos Young,carlos.young1839@example.com,+12145551839,Dallas,TX
p1840,Linda Lopez,linda.lopez1840@example.com,+12145551840,Miami,FL
p1841,Daniel Moore,daniel.moore1841@outlook.com,+12145551841,Frisco,TX
p1842,Susan Nguyen,susan.nguyen1842@example.com,+12145551842,Austin,TX
p1843,Maria Walker,maria.walker1843@outlook.com,+12145551843,Austin,TX
p1844,William Johnson,william.johnson1844@example.com,+12145551844,Tulsa,OK
p1845,Jennifer Hall,jennifer.hall1845@gmail.com,+12145551845,Dallas,TX
p1846,Steven Moore,steven.moore1846@gmail.com,+12145551846,Tulsa,OK
p1847,Steven Brown,steven.brown1847@example.com,+12145551847,Denver,CO
p1848,David Jackson,david.jackson1848@outlook.com,+12145551848,Dallas,TX
p1849,Daniel Taylor,daniel.taylor1849@outlook.com,+12145551849,Tampa,FL
p1850,David Nguyen,david.nguyen1850@outlook.com,+12145551850,Tampa,FL
p1851,Angela Brown,angela.brown1851@yahoo.com,+12145551851,Denver,CO
p1852,Robert Brown,robert.brown1852@example.com,+12145551852,Frisco,TX
p1853,David Patel,david.patel1853@example.com,+12145551853,Tulsa,OK
p1854,Steven Johnson,steven.johnson1854@yahoo.com,+12145551854,Phoenix,AZ
p1855,Susan Patel,susan.patel1855@yahoo.com,+12145551855,Frisco,TX
p1856,Michael Taylor,michael.taylor1856@example.com,+12145551856,Tampa,FL
p1857,Carlos Garcia,carlos.garcia1857@example.com,+12145551857,Austin,TX
p1858,William Taylor,william.taylor1858@outlook.com,+12145551858,Frisco,TX
p1859,Angela Wilson,angela.wilson1859@yahoo.com,+12145551859,Tampa,FL
p1860,Linda Davis,linda.davis1860@gmail.com,+12145551860,Austin,TX
p1861,Jennifer Taylor,jennifer.taylor1861@example.com,+12145551861,Denver,CO
p1862,Amy Nguyen,amy.nguyen1862@gmail.com,+12145551862,Tampa,FL
p1863,David Martinez,david.martinez1863@yahoo.com,+12145551863,Tulsa,OK
p1864,Robert Anderson,robert.anderson1864@yahoo.com,+12145551864,Tulsa,OK
p1865,James Kim,james.kim1865@gmail.com,+12145551865,Plano,TX
p1866,Maria Moore,maria.moore1866@outlook.com,+12145551866,Atlanta,GA
p1867,Maria Nguyen,maria.nguyen1867@gmail.com,+12145551867,Miami,FL
p1868,Thomas Davis,thomas.davis1868@gmail.com,+12145551868,Austin,TX
p1869,Steven Brown,steven.brown1869@outlook.com,+12145551869,Dallas,TX
p1870,Laura Garcia,laura.garcia1870@gmail.com,+12145551870,Austin,TX
p1871,Carlos Moore,carlos.moore1871@example.com,+12145551871,Atlanta,GA
p1872,Jennifer Nguyen,jennifer.nguyen1872@yahoo.com,+12145551872,Austin,TX
p1873,Linda Martinez,linda.martinez1873@outlook.com,+12145551873,Austin,TX
p1874,Miguel Nguyen,miguel.nguyen1874@gmail.com,+12145551874,Tulsa,OK
p1875,Laura Walker,laura.walker1875@gmail.com,+12145551875,Miami,FL
p1876,Carlos Walker,carlos.walker1876@example.com,+12145551876,Tampa,FL
p1877,Jennifer Anderson,jennifer.anderson1877@outlook.com,+12145551877,Frisco,TX
p1878,Laura Jackson,laura.jackson1878@gmail.com,+12145551878,Tulsa,OK
p1879,Angela Johnson,angela.johnson1879@yahoo.com,+12145551879,Plano,TX
p1880,William Walker,william.walker1880@outlook.com,+12145551880,Tampa,FL
p1881,Susan Miller,susan.miller1881@yahoo.com,+12145551881,Phoenix,AZ
p1882,Miguel Lee,miguel.lee1882@example.com,+12145551882,Plano,TX
p1883,William Taylor,william.taylor1883@yahoo.com,+12145551883,Dallas,TX
p1884,Karen Lopez,karen.lopez1884@example.com,+12145551884,Frisco,TX
p1885,Carlos Nguyen,carlos.nguyen1885@outlook.com,+12145551885,Plano,TX
p1886,Maria Kim,maria.kim1886@example.com,+12145551886,Denver,CO
p1887,Carlos Nguyen,carlos.nguyen1887@yahoo.com,+12145551887,Dallas,TX
p1888,William Brown,william.brown1888@outlook.com,+12145551888,Dallas,TX
p1889,Nancy Hall,nancy.hall1889@outlook.com,+12145551889,Phoenix,AZ
p1890,Miguel Smith,miguel.smith1890@yahoo.com,+12145551890,Plano,TX
p1891,Miguel Davis,miguel.davis1891@example.com,+12145551891,Plano,TX
p1892,David Taylor,david.taylor1892@gmail.com,+12145551892,Miami,FL
p1893,Linda Martinez,linda.martinez1893@yahoo.com,+12145551893,Austin,TX
p1894,Angela Nguyen,angela.nguyen1894@example.com,+12145551894,Miami,FL
p1895,Laura Davis,laura.davis1895@yahoo.com,+12145551895,Tulsa,OK
p1896,Steven Moore,steven.moore1896@yahoo.com,+12145551896,Tulsa,OK
p1897,Maria Nguyen,maria.nguyen1897@yahoo.com,+12145551897,Miami,FL
p1898,Thomas Lee,thomas.lee1898@yahoo.com,+12145551898,Atlanta,GA
p1899,Robert Smith,robert.smith1899@yahoo.com,+12145551899,Phoenix,AZ
p1900,Maria Patel,maria.patel1900@outlook.com,+12145551900,Austin,TX
p1901,Sarah Johnson,sarah.johnson1901@example.com,+12145551901,Tampa,FL
p1902,Angela Anderson,angela.anderson1902@gmail.com,+12145551902,Frisco,TX
p1903,Susan Martinez,susan.martinez1903@gmail.com,+12145551903,Atlanta,GA
p1904,Robert Brown,robert.brown1904@example.com,+12145551904,Tampa,FL
p1905,Laura Miller,laura.miller1905@yahoo.com,+12145551905,Austin,TX
p1906,David Anderson,david.anderson1906@example.com,+12145551906,Tulsa,OK
p1907,Thomas Davis,thomas.davis1907@yahoo.com,+12145551907,Tampa,FL
p1908,Angela Lopez,angela.lopez1908@yahoo.com,+12145551908,Tulsa,OK
p1909,Nancy Martinez,nancy.martinez1909@yahoo.com,+12145551909,Tampa,FL
p1910,Robert Taylor,robert.taylor1910@yahoo.com,+12145551910,Tulsa,OK
p1911,Angela Patel,angela.patel1911@outlook.com,+12145551911,Austin,TX
p1912,Steven Patel,steven.patel1912@gmail.com,+12145551912,Dallas,TX
p1913,Laura Davis,laura.davis1913@example.com,+12145551913,Miami,FL
p1914,David Lee,david.lee1914@outlook.com,+12145551914,Tampa,FL
p1915,Maria Miller,maria.miller1915@gmail.com,+12145551915,Phoenix,AZ
p1916,James Moore,james.moore1916@example.com,+12145551916,Austin,TX
p1917,Susan Hall,susan.hall1917@gmail.com,+12145551917,Atlanta,GA
p1918,Robert Anderson,robert.anderson1918@example.com,+12145551918,Phoenix,AZ
p1919,Karen Lee,karen.lee1919@yahoo.com,+12145551919,Miami,FL
p1920,Amy Johnson,amy.johnson1920@yahoo.com,+12145551920,Atlanta,GA
p1921,William Martinez,william.martinez1921@example.com,+12145551921,Phoenix,AZ
p1922,Carlos Patel,carlos.patel1922@gmail.com,+12145551922,Frisco,TX
p1923,Carlos Brown,carlos.brown1923@yahoo.com,+12145551923,Tampa,FL
p1924,William Miller,william.miller1924@gmail.com,+12145551924,Miami,FL
p1925,Michael Kim,michael.kim1925@outlook.com,+12145551925,Tulsa,OK
p1926,Nancy Taylor,nancy.taylor1926@outlook.com,+12145551926,Tulsa,OK
p1927,Daniel Moore,daniel.moore1927@yahoo.com,+12145551927,Tampa,FL
p1928,Carlos Kim,carlos.kim1928@example.com,+12145551928,Frisco,TX
p1929,James Lopez,james.lopez1929@gmail.com,+12145551929,Frisco,TX
p1930,Jennifer Martinez,jennifer.martinez1930@example.com,+12145551930,Plano,TX
p1931,William Martinez,william.martinez1931@example.com,+12145551931,Denver,CO
p1932,Linda Kim,linda.kim1932@example.com,+12145551932,Plano,TX
p1933,Susan Walker,susan.walker1933@example.com,+12145551933,Denver,CO
p1934,Laura Miller,laura.miller1934@gmail.com,+12145551934,Frisco,TX
p1935,Susan Garcia,susan.garcia1935@outlook.com,+12145551935,Austin,TX
p1936,Sarah Martinez,sarah.martinez1936@outlook.com,+12145551936,Phoenix,AZ
p1937,Steven Young,steven.young1937@gmail.com,+12145551937,Austin,TX
p1938,Daniel Young,daniel.young1938@example.com,+12145551938,Frisco,TX
p1939,Maria Wilson,maria.wilson1939@gmail.com,+12145551939,Denver,CO
p1940,Carlos Smith,carlos.smith1940@gmail.com,+12145551940,Tulsa,OK
p1941,Thomas Jackson,thomas.jackson1941@gmail.com,+12145551941,Atlanta,GA
p1942,Carlos Davis,carlos.davis1942@gmail.com,+12145551942,Plano,TX
p1943,Miguel Kim,miguel.kim1943@outlook.com,+12145551943,Denver,CO
p1944,Angela Smith,angela.smith1944@gmail.com,+12145551944,Miami,FL
p1945,Angela Patel,angela.patel1945@yahoo.com,+12145551945,Miami,FL
p1946,David Johnson,david.johnson1946@outlook.com,+12145551946,Tulsa,OK
p1947,James Garcia,james.garcia1947@example.com,+12145551947,Phoenix,AZ
p1948,Maria Lee,maria.lee1948@yahoo.com,+12145551948,Tulsa,OK
p1949,Jennifer Lee,jennifer.lee1949@gmail.com,+12145551949,Dallas,TX
p1950,David Martinez,david.martinez1950@example.com,+12145551950,Tampa,FL
p1951,Karen Davis,karen.davis1951@outlook.com,+12145551951,Dallas,TX
p1952,Laura Nguyen,laura.nguyen1952@yahoo.com,+12145551952,Tulsa,OK
p1953,Susan Miller,susan.miller1953@yahoo.com,+12145551953,Miami,FL
p1954,Laura Patel,laura.patel1954@example.com,+12145551954,Tampa,FL
p1955,William Young,william.young1955@example.com,+12145551955,Atlanta,GA
p1956,Maria Nguyen,maria.nguyen1956@yahoo.com,+12145551956,Miami,FL
p1957,Nancy Nguyen,nancy.nguyen1957@gmail.com,+12145551957,Dallas,TX
p1958,Daniel Moore,daniel.moore1958@yahoo.com,+12145551958,Denver,CO
p1959,Michael Kim,michael.kim1959@gmail.com,+12145551959,Phoenix,AZ
p1960,Karen Patel,karen.patel1960@gmail.com,+12145551960,Tampa,FL
p1961,Laura Taylor,laura.taylor1961@yahoo.com,+12145551961,Frisco,TX
p1962,Karen Wilson,karen.wilson1962@example.com,+12145551962,Phoenix,AZ
p1963,Karen Young,karen.young1963@gmail.com,+12145551963,Plano,TX
p1964,James Brown,james.brown1964@example.com,+12145551964,Dallas,TX
p1965,Nancy Miller,nancy.miller1965@outlook.com,+12145551965,Denver,CO
p1966,Susan Anderson,susan.anderson1966@gmail.com,+12145551966,Atlanta,GA
p1967,Daniel Smith,daniel.smith1967@example.com,+12145551967,Dallas,TX
p1968,Sarah Martinez,sarah.martinez1968@gmail.com,+12145551968,Tampa,FL
p1969,Maria Nguyen,maria.nguyen1969@outlook.com,+12145551969,Tulsa,OK
p1970,Steven Patel,steven.patel1970@outlook.com,+12145551970,Denver,CO
p1971,Carlos Martinez,carlos.martinez1971@yahoo.com,+12145551971,Austin,TX
p1972,Maria Hall,maria.hall1972@gmail.com,+12145551972,Tulsa,OK
p1973,Nancy Walker,nancy.walker1973@gmail.com,+12145551973,Plano,TX
p1974,Thomas Miller,thomas.miller1974@yahoo.com,+12145551974,Plano,TX
p1975,Laura Patel,laura.patel1975@example.com,+12145551975,Tampa,FL
p1976,Karen Hall,karen.hall1976@outlook.com,+12145551976,Atlanta,GA
p1977,Thomas Taylor,thomas.taylor1977@yahoo.com,+12145551977,Dallas,TX
p1978,Michael Smith,michael.smith1978@gmail.com,+12145551978,Austin,TX
p1979,Robert Lopez,robert.lopez1979@yahoo.com,+12145551979,Plano,TX
p1980,Laura Davis,laura.davis1980@example.com,+12145551980,Austin,TX
p1981,Amy Lopez,amy.lopez1981@outlook.com,+12145551981,Dallas,TX
p1982,Miguel Davis,miguel.davis1982@example.com,+12145551982,Denver,CO
p1983,Robert Miller,robert.miller1983@yahoo.com,+12145551983,Frisco,TX
p1984,Miguel Kim,miguel.kim1984@gmail.com,+12145551984,Denver,CO
p1985,Miguel Young,miguel.young1985@yahoo.com,+12145551985,Austin,TX
p1986,Karen Young,karen.young1986@gmail.com,+12145551986,Tampa,FL
p1987,Carlos Smith,carlos.smith1987@example.com,+12145551987,Dallas,TX
p1988,Nancy Kim,nancy.kim1988@outlook.com,+12145551988,Atlanta,GA
p1989,James Kim,james.kim1989@example.com,+12145551989,Tampa,FL
p1990,Daniel Young,daniel.young1990@example.com,+12145551990,Atlanta,GA
p1991,Jennifer Johnson,jennifer.johnson1991@gmail.com,+12145551991,Phoenix,AZ
p1992,Nancy Young,nancy.young1992@gmail.com,+12145551992,Miami,FL
p1993,William Nguyen,william.nguyen1993@gmail.com,+12145551993,Denver,CO
p1994,Laura Hall,laura.hall1994@example.com,+12145551994,Miami,FL
p1995,Nancy Smith,nancy.smith1995@outlook.com,+12145551995,Frisco,TX
p1996,David Kim,david.kim1996@example.com,+12145551996,Miami,FL
p1997,Jennifer Brown,jennifer.brown1997@outlook.com,+12145551997,Austin,TX
p1998,Angela Patel,angela.patel1998@outlook.com,+12145551998,Frisco,TX
p1999,Thomas Nguyen,thomas.nguyen1999@example.com,+12145551999,Miami,FL
p1637d0,C. Garcia,cgarcia@outlook.com,,Dallas,TX
p1988d1,Nancy Kim,nancykim@outlook.com,+12145551988,Atlanta,GA
p1729d2,K. Smith,ksmith@yahoo.com,+12145551729,Tampa,FL
p331d3,Maria Davis,mariadavis@example.com,,Plano,TX
p1273d4,L. Kim,lkim@yahoo.com,+12145551273,Tulsa,OK
p424d5,Miguel Kim,miguelkim@gmail.com,+12145550424,Frisco,TX
p578d6,S. Walker,swalker@outlook.com,,Tampa,FL
p1414d7,Angela Wilson,angelawilson@yahoo.com,+12145551414,Austin,TX
p1534d8,Mike Davis,mikedavis@outlook.com,+12145551534,Denver,CO
p176d9,Miguel Smith,miguelsmith@example.com,,Dallas,TX
p1366d10,Mike Davis,mikedavis@gmail.com,+12145551366,Miami,FL
p988d11,James Miller,jamesmiller@yahoo.com,+12145550988,Tampa,FL
p264d12,Tom Young,tomyoung@example.com,,Miami,FL
p354d13,Thomas Taylor,thomastaylor@example.com,+12145550354,Miami,FL
p408d14,M. Smith,msmith@gmail.com,+12145550408,Tulsa,OK
p320d15,Amy Johnson,amyjohnson@gmail.com,,Atlanta,GA
p1240d16,L. Taylor,ltaylor@gmail.com,+12145551240,Tulsa,OK
p1007d17,Susan Patel,susanpatel@example.com,+12145551007,Atlanta,GA
p206d18,Mike Anderson,mikeanderson@yahoo.com,,Frisco,TX
p1625d19,Carlos Johnson,carlosjohnson@example.com,+12145551625,Miami,FL
p851d20,Jen Wilson,jenwilson@yahoo.com,+12145550851,Tulsa,OK
p1931d21,William Martinez,williammartinez@example.com,,Denver,CO
p1011d22,S. Miller,smiller@gmail.com,+12145551011,Frisco,TX
p621d23,Maria Johnson,mariajohnson@outlook.com,+12145550621,Plano,TX
p480d24,D. Moore,dmoore@example.com,,Atlanta,GA
p428d25,Amy Kim,amykim@example.com,+12145550428,Tulsa,OK
p1140d26,M. Johnson,mjohnson@outlook.com,+12145551140,Plano,TX
p96d27,Sarah Miller,sarahmiller@example.com,,Tampa,FL
p37d28,L. Jackson,ljackson@example.com,+12145550037,Tulsa,OK
p734d29,Daniel Miller,danielmiller@example.com,+12145550734,Frisco,TX
p1804d30,C. Lopez,clopez@example.com,,Atlanta,GA
p534d31,Jennifer Johnson,jenniferjohnson@example.com,+12145550534,Dallas,TX
p731d32,D. Johnson,djohnson@yahoo.com,+12145550731,Atlanta,GA
p1386d33,William Martinez,williammartinez@yahoo.com,,Plano,TX
p324d34,Mike Kim,mikekim@yahoo.com,+12145550324,Austin,TX
p357d35,Susan Davis,susandavis@example.com,+12145550357,Austin,TX
p1695d36,Jen Walker,jenwalker@example.com,,Dallas,TX
p1760d37,Nancy Jackson,nancyjackson@yahoo.com,+12145551760,Plano,TX
p1831d38,S. Jackson,sjackson@gmail.com,+12145551831,Tampa,FL
p1031d39,Daniel Walker,danielwalker@yahoo.com,,Austin,TX
p65d40,Steve Walker,stevewalker@example.com,+12145550065,Plano,TX
p1652d41,David Anderson,davidanderson@example.com,+12145551652,Plano,TX
p130d42,M. Anderson,manderson@gmail.com,,Austin,TX
p691d43,Susan Taylor,susantaylor@yahoo.com,+12145550691,Miami,FL
p881d44,S. Patel,spatel@outlook.com,+12145550881,Dallas,TX
p233d45,David Hall,davidhall@gmail.com,,Phoenix,AZ
p1264d46,Jim Jackson,jimjackson@example.com,+12145551264,Miami,FL
p464d47,Amy Young,amyyoung@gmail.com,+12145550464,Frisco,TX
p247d48,A. Lee,alee@gmail.com,,Dallas,TX
p1150d49,Susan Hall,susanhall@outlook.com,+12145551150,Dallas,TX
p458d50,S. Walker,swalker@outlook.com,+12145550458,Atlanta,GA
p996d51,Daniel Lopez,daniellopez@gmail.com,,Miami,FL
p528d52,S. Davis,sdavis@yahoo.com,+12145550528,Tulsa,OK
p696d53,Sarah Wilson,sarahwilson@gmail.com,+12145550696,Phoenix,AZ
p1607d54,M. Young,myoung@outlook.com,,Tulsa,OK
p727d55,James Patel,jamespatel@outlook.com,+12145550727,Tulsa,OK
p1575d56,M. Davis,mdavis@outlook.com,+12145551575,Atlanta,GA
p95d57,Carlos Nguyen,carlosnguyen@outlook.com,,Austin,TX
p1577d58,M. Martinez,mmartinez@outlook.com,+12145551577,Austin,TX
p1797d59,Miguel Wilson,miguelwilson@example.com,+12145551797,Phoenix,AZ
p547d60,C. Taylor,ctaylor@gmail.com,,Atlanta,GA
p1835d61,Robert Walker,robertwalker@yahoo.com,+12145551835,Miami,FL
p309d62,M. Moore,mmoore@yahoo.com,+12145550309,Atlanta,GA
p1747d63,Amy Kim,amykim@example.com,,Plano,TX
p1413d64,A. Hall,ahall@gmail.com,+12145551413,Tulsa,OK
p1789d65,Susan Young,susanyoung@outlook.com,+12145551789,Frisco,TX
p1055d66,L. Jackson,ljackson@outlook.com,,Phoenix,AZ
p1237d67,David Davis,daviddavis@yahoo.com,+12145551237,Frisco,TX
p1371d68,A. Hall,ahall@yahoo.com,+12145551371,Phoenix,AZ
p213d69,William Young,williamyoung@example.com,,Plano,TX
p1446d70,M. Kim,mkim@gmail.com,+12145551446,Denver,CO
p103d71,Steven Anderson,stevenanderson@gmail.com,+12145550103,Plano,TX
p1897d72,M. Nguyen,mnguyen@outlook.com,,Miami,FL
p1937d73,Steven Young,stevenyoung@gmail.com,+12145551937,Austin,TX
p896d74,L. Anderson,landerson@gmail.com,+12145550896,Dallas,TX
p1636d75,Carlos Lopez,carloslopez@example.com,,Plano,TX
p936d76,Steve Walker,stevewalker@example.com,+12145550936,Miami,FL
p1971d77,Carlos Martinez,carlosmartinez@outlook.com,+12145551971,Austin,TX
p1723d78,L. Smith,lsmith@example.com,,Tampa,FL
p1547d79,Michael Davis,michaeldavis@outlook.com,+12145551547,Plano,TX
p227d80,S. Taylor,staylor@example.com,+12145550227,Phoenix,AZ
p1996d81,David Kim,davidkim@example.com,,Miami,FL
p216d82,M. Kim,mkim@yahoo.com,+12145550216,Miami,FL
p1600d83,William Johnson,williamjohnson@yahoo.com,+12145551600,Tampa,FL
p1250d84,N. Hall,nhall@example.com,,Atlanta,GA
p1248d85,Miguel Garcia,miguelgarcia@example.com,+12145551248,Tampa,FL
p1601d86,C. Johnson,cjohnson@example.com,+12145551601,Tulsa,OK
p1757d87,Sarah Young,sarahyoung@yahoo.com,,Plano,TX
p1940d88,C. Smith,csmith@outlook.com,+12145551940,Tulsa,OK
p208d89,Miguel Miller,miguelmiller@gmail.com,+12145550208,Denver,CO
p1686d90,M. Davis,mdavis@example.com,,Tampa,FL
p1151d91,Nancy Moore,nancymoore@example.com,+12145551151,Dallas,TX
p85d92,Bill Johnson,billjohnson@yahoo.com,+12145550085,Plano,TX
p1038d93,Michael Nguyen,michaelnguyen@example.com,,Dallas,TX
p215d94,S. Young,syoung@outlook.com,+12145550215,Tampa,FL
p342d95,Robert Lopez,robertlopez@gmail.com,+12145550342,Tulsa,OK
p1290d96,M. Johnson,mjohnson@example.com,,Miami,FL
p241d97,James Moore,jamesmoore@outlook.com,+12145550241,Denver,CO
p1783d98,Mike Anderson,mikeanderson@gmail.com,+12145551783,Atlanta,GA
p420d99,Susan Anderson,susananderson@yahoo.com,,Plano,TX
p1865d100,Jim Kim,jimkim@gmail.com,+12145551865,Plano,TX
p740d101,Susan Patel,susanpatel@outlook.com,+12145550740,Denver,CO
p321d102,L. Nguyen,lnguyen@gmail.com,,Miami,FL
p1491d103,Laura Brown,laurabrown@gmail.com,+12145551491,Frisco,TX
p598d104,Jim Walker,jimwalker@yahoo.com,+12145550598,Tampa,FL
p1450d105,Jennifer Walker,jenniferwalker@gmail.com,,Tulsa,OK
p904d106,Steve Wilson,stevewilson@yahoo.com,+12145550904,Denver,CO
p1560d107,Jennifer Kim,jenniferkim@example.com,+12145551560,Dallas,TX
p1036d108,K. Walker,kwalker@gmail.com,,Phoenix,AZ
p1020d109,Thomas Davis,thomasdavis@gmail.com,+12145551020,Phoenix,AZ
p1500d110,Bill Walker,billwalker@yahoo.com,+12145551500,Miami,FL
p1782d111,Sarah Jackson,sarahjackson@gmail.com,,Plano,TX
p203d112,Jen Taylor,jentaylor@outlook.com,+12145550203,Tulsa,OK
p315d113,Carlos Patel,carlospatel@yahoo.com,+12145550315,Tampa,FL
p1325d114,Mike Martinez,mikemartinez@yahoo.com,,Plano,TX
p744d115,William Moore,williammoore@example.com,+12145550744,Tulsa,OK
p685d116,C. Nguyen,cnguyen@gmail.com,+12145550685,Dallas,TX
p1677d117,Steven Davis,stevendavis@outlook.com,,Atlanta,GA
p282d118,M. Patel,mpatel@example.com,+12145550282,Tulsa,OK
p251d119,Nancy Miller,nancymiller@gmail.com,+12145550251,Dallas,TX
p1737d120,K. Jackson,kjackson@example.com,,Miami,FL
p413d121,Laura Hall,laurahall@gmail.com,+12145550413,Phoenix,AZ
p899d122,M. Patel,mpatel@outlook.com,+12145550899,Tulsa,OK
p1985d123,Miguel Young,miguelyoung@example.com,,Austin,TX
p1574d124,S. Brown,sbrown@yahoo.com,+12145551574,Plano,TX
p13d125,Maria Johnson,mariajohnson@example.com,+12145550013,Austin,TX
p502d126,A. Brown,abrown@gmail.com,,Tampa,FL
p1709d127,David Garcia,davidgarcia@outlook.com,+12145551709,Plano,TX
p1657d128,Jim Miller,jimmiller@example.com,+12145551657,Plano,TX
p970d129,James Smith,jamessmith@outlook.com,,Denver,CO
p699d130,S. Nguyen,snguyen@gmail.com,+12145550699,Tampa,FL
p587d131,Jennifer Walker,jenniferwalker@gmail.com,+12145550587,Austin,TX
p1034d132,S. Patel,spatel@gmail.com,,Dallas,TX
p350d133,Linda Lee,lindalee@yahoo.com,+12145550350,Plano,TX
p174d134,M. Wilson,mwilson@outlook.com,+12145550174,Tampa,FL
p544d135,Michael Brown,michaelbrown@yahoo.com,,Denver,CO
p762d136,D. Davis,ddavis@yahoo.com,+12145550762,Tampa,FL
p1464d137,Angela Moore,angelamoore@outlook.com,+12145551464,Tulsa,OK
p1545d138,Mike Lopez,mikelopez@gmail.com,,Phoenix,AZ
p849d139,James Kim,jameskim@yahoo.com,+12145550849,Phoenix,AZ
p738d140,N. Lee,nlee@outlook.com,+12145550738,Denver,CO
p1289d141,Nancy Taylor,nancytaylor@example.com,,Denver,CO
p1361d142,K. Brown,kbrown@yahoo.com,+12145551361,Plano,TX
p310d143,Maria Davis,mariadavis@gmail.com,+12145550310,Tulsa,OK
p1542d144,N. Young,nyoung@outlook.com,,Tampa,FL
p1543d145,Thomas Lee,thomaslee@yahoo.com,+12145551543,Tampa,FL
p1084d146,Jim Moore,jimmoore@gmail.com,+12145551084,Tampa,FL
p863d147,Daniel Jackson,danieljackson@gmail.com,,Dallas,TX
p1612d148,Tom Garcia,tomgarcia@outlook.com,+12145551612,Phoenix,AZ
p467d149,Sarah Moore,sarahmoore@example.com,+12145550467,Austin,TX
p1642d150,L. Garcia,lgarcia@gmail.com,,Plano,TX
p878d151,Miguel Nguyen,miguelnguyen@outlook.com,+12145550878,Frisco,TX
p846d152,Steve Brown,stevebrown@yahoo.com,+12145550846,Miami,FL
p1880d153,William Walker,williamwalker@example.com,,Tampa,FL
p838d154,S. Jackson,sjackson@outlook.com,+12145550838,Austin,TX
p1839d155,Carlos Young,carlosyoung@outlook.com,+12145551839,Dallas,TX
p939d156,Steve Lopez,stevelopez@example.com,,Austin,TX
p1949d157,Jennifer Lee,jenniferlee@gmail.com,+12145551949,Dallas,TX
p1745d158,S. Walker,swalker@gmail.com,+12145551745,Denver,CO
p1057d159,Nancy Smith,nancysmith@yahoo.com,,Phoenix,AZ
p1627d160,A. Davis,adavis@yahoo.com,+12145551627,Atlanta,GA
p1397d161,Karen Wilson,karenwilson@yahoo.com,+12145551397,Phoenix,AZ
p1932d162,L. Kim,lkim@example.com,,Plano,TX
p60d163,Laura Kim,laurakim@example.com,+12145550060,Austin,TX
p906d164,L. Patel,lpatel@gmail.com,+12145550906,Frisco,TX
p298d165,Michael Davis,michaeldavis@outlook.com,,Phoenix,AZ
p20d166,Jen Johnson,jenjohnson@gmail.com,+12145550020,Miami,FL
p1469d167,Linda Lopez,lindalopez@outlook.com,+12145551469,Atlanta,GA
p1651d168,A. Brown,abrown@example.com,,Austin,TX
p1059d169,James Lopez,jameslopez@example.com,+12145551059,Tulsa,OK
p142d170,L. Smith,lsmith@gmail.com,+12145550142,Tampa,FL
p173d171,Amy Smith,amysmith@example.com,,Phoenix,AZ
p692d172,D. Brown,dbrown@gmail.com,+12145550692,Denver,CO
p644d173,Maria Brown,mariabrown@example.com,+12145550644,Miami,FL
p822d174,A. Jackson,ajackson@yahoo.com,,Austin,TX
p1581d175,Thomas Lee,thomaslee@gmail.com,+12145551581,Denver,CO
p336d176,M. Anderson,manderson@outlook.com,+12145550336,Denver,CO
p888d177,David Lopez,davidlopez@gmail.com,,Tampa,FL
p125d178,Jen Martinez,jenmartinez@yahoo.com,+12145550125,Phoenix,AZ
p805d179,Miguel Jackson,migueljackson@yahoo.com,+12145550805,Atlanta,GA
p1554d180,Jen Brown,jenbrown@outlook.com,,Tulsa,OK
p75d181,Miguel Hall,miguelhall@example.com,+12145550075,Atlanta,GA
p1352d182,Mike Davis,mikedavis@example.com,+12145551352,Tulsa,OK
p1889d183,Nancy Hall,nancyhall@gmail.com,,Phoenix,AZ
p1313d184,A. Kim,akim@yahoo.com,+12145551313,Austin,TX
p1848d185,David Jackson,davidjackson@yahoo.com,+12145551848,Dallas,TX
p1176d186,Tom Lopez,tomlopez@outlook.com,,Miami,FL
p118d187,Karen Brown,karenbrown@yahoo.com,+12145550118,Atlanta,GA
p1293d188,D. Anderson,danderson@yahoo.com,+12145551293,Tampa,FL
p1460d189,William Moore,williammoore@example.com,,Phoenix,AZ
p1793d190,M. Miller,mmiller@example.com,+12145551793,Phoenix,AZ
p1064d191,James Lee,jameslee@gmail.com,+12145551064,Tampa,FL
p1992d192,N. Young,nyoung@gmail.com,,Miami,FL
p605d193,Laura Lopez,lauralopez@example.com,+12145550605,Miami,FL
p858d194,Jen Hall,jenhall@outlook.com,+12145550858,Austin,TX
p823d195,Karen Patel,karenpatel@yahoo.com,,Tulsa,OK
p1814d196,A. Hall,ahall@gmail.com,+12145551814,Dallas,TX
p1394d197,James Wilson,jameswilson@gmail.com,+12145551394,Phoenix,AZ
p1435d198,S. Patel,spatel@example.com,,Atlanta,GA
p1133d199,Susan Brown,susanbrown@outlook.com,+12145551133,Plano,TX
p623d200,Bob Lopez,boblopez@outlook.com,+12145550623,Phoenix,AZ
p1477d201,Laura Kim,laurakim@example.com,,Plano,TX
p1521d202,C. Walker,cwalker@outlook.com,+12145551521,Dallas,TX
p642d203,Steven Wilson,stevenwilson@yahoo.com,+12145550642,Atlanta,GA
p1862d204,A. Nguyen,anguyen@outlook.com,,Tampa,FL
p704d205,David Patel,davidpatel@gmail.com,+12145550704,Dallas,TX
p16d206,S. Jackson,sjackson@yahoo.com,+12145550016,Austin,TX
p1693d207,Susan Jackson,susanjackson@gmail.com,,Frisco,TX
p572d208,Jim Nguyen,jimnguyen@outlook.com,+12145550572,Miami,FL
p1843d209,Maria Walker,mariawalker@gmail.com,+12145551843,Austin,TX
p1080d210,C. Moore,cmoore@example.com,,Miami,FL
p1885d211,Carlos Nguyen,carlosnguyen@gmail.com,+12145551885,Plano,TX
p300d212,Bob Jackson,bobjackson@yahoo.com,+12145550300,Austin,TX
p1434d213,Nancy Moore,nancymoore@outlook.com,,Denver,CO
p827d214,K. Anderson,kanderson@example.com,+12145550827,Frisco,TX
p913d215,Linda Nguyen,lindanguyen@yahoo.com,+12145550913,Frisco,TX
p1318d216,M. Smith,msmith@outlook.com,,Phoenix,AZ
p1817d217,Amy Moore,amymoore@outlook.com,+12145551817,Phoenix,AZ
p1114d218,D. Young,dyoung@outlook.com,+12145551114,Denver,CO
p1278d219,Jennifer Anderson,jenniferanderson@example.com,,Dallas,TX
p1614d220,Steve Walker,stevewalker@outlook.com,+12145551614,Miami,FL
p1266d221,Michael Walker,michaelwalker@yahoo.com,+12145551266,Frisco,TX
p1335d222,L. Wilson,lwilson@outlook.com,,Phoenix,AZ
p905d223,Maria Lee,marialee@outlook.com,+12145550905,Plano,TX
p1428d224,D. Taylor,dtaylor@yahoo.com,+12145551428,Denver,CO
p707d225,Susan Jackson,susanjackson@example.com,,Denver,CO
p1662d226,Jen Nguyen,jennguyen@outlook.com,+12145551662,Austin,TX
p1328d227,Daniel Hall,danielhall@gmail.com,+12145551328,Atlanta,GA
p828d228,Tom Patel,tompatel@yahoo.com,,Phoenix,AZ
p1588d229,Steven Lopez,stevenlopez@gmail.com,+12145551588,Phoenix,AZ
p404d230,M. Jackson,mjackson@example.com,+12145550404,Austin,TX
p617d231,Laura Walker,laurawalker@gmail.com,,Miami,FL
p172d232,Bill Moore,billmoore@gmail.com,+12145550172,Tulsa,OK
p1100d233,Daniel Miller,danielmiller@yahoo.com,+12145551100,Tulsa,OK
p798d234,C. Anderson,canderson@example.com,,Dallas,TX
p1485d235,Angela Miller,angelamiller@example.com,+12145551485,Tulsa,OK
p1472d236,K. Anderson,kanderson@example.com,+12145551472,Dallas,TX
p1515d237,Angela Anderson,angelaanderson@gmail.com,,Miami,FL
p1801d238,Dan Garcia,dangarcia@gmail.com,+12145551801,Dallas,TX
p258d239,Jennifer Patel,jenniferpatel@gmail.com,+12145550258,Tulsa,OK
p1065d240,C. Walker,cwalker@example.com,,Plano,TX
p1107d241,Amy Walker,amywalker@gmail.com,+12145551107,Dallas,TX
p581d242,Jen Wilson,jenwilson@outlook.com,+12145550581,Denver,CO
p437d243,Miguel Hall,miguelhall@example.com,,Tampa,FL
p190d244,S. Johnson,sjohnson@outlook.com,+12145550190,Tulsa,OK
p1047d245,Thomas Hall,thomashall@example.com,+12145551047,Atlanta,GA
p1130d246,Mike Jackson,mikejackson@yahoo.com,,Tampa,FL
p639d247,Amy Young,amyyoung@gmail.com,+12145550639,Plano,TX
p1067d248,Jen Jackson,jenjackson@gmail.com,+12145551067,Atlanta,GA
p697d249,Amy Martinez,amymartinez@example.com,,Miami,FL
p1550d250,M. Hall,mhall@outlook.com,+12145551550,Tampa,FL
p1301d251,Jennifer Nguyen,jennifernguyen@yahoo.com,+12145551301,Miami,FL
p327d252,A. Hall,ahall@example.com,,Atlanta,GA
p47d253,James Wilson,jameswilson@gmail.com,+12145550047,Dallas,TX
p57d254,M. Wilson,mwilson@yahoo.com,+12145550057,Dallas,TX
p1823d255,Laura Miller,lauramiller@gmail.com,,Atlanta,GA
p1631d256,Jim Taylor,jimtaylor@outlook.com,+12145551631,Dallas,TX
p1105d257,Karen Jackson,karenjackson@outlook.com,+12145551105,Plano,TX
p1213d258,L. Moore,lmoore@yahoo.com,,Miami,FL
p529d259,Karen Garcia,karengarcia@gmail.com,+12145550529,Miami,FL
p494d260,L. Nguyen,lnguyen@outlook.com,+12145550494,Frisco,TX
p1704d261,Linda Martinez,lindamartinez@yahoo.com,,Tulsa,OK
p1585d262,N. Hall,nhall@yahoo.com,+12145551585,Tulsa,OK
p622d263,Michael Wilson,michaelwilson@example.com,+12145550622,Dallas,TX
p1487d264,L. Wilson,lwilson@outlook.com,,Miami,FL
p865d265,Karen Moore,karenmoore@gmail.com,+12145550865,Frisco,TX
p226d266,L. Miller,lmiller@outlook.com,+12145550226,Plano,TX
p1499d267,Carlos Lopez,carloslopez@example.com,,Austin,TX
p122d268,M. Nguyen,mnguyen@yahoo.com,+12145550122,Atlanta,GA
p763d269,David Garcia,davidgarcia@gmail.com,+12145550763,Dallas,TX
p531d270,A. Anderson,aanderson@yahoo.com,,Phoenix,AZ
p1284d271,Carlos Smith,carlossmith@example.com,+12145551284,Frisco,TX
p1039d272,A. Lopez,alopez@gmail.com,+12145551039,Austin,TX
p725d273,Amy Johnson,amyjohnson@outlook.com,,Denver,CO
p253d274,C. Johnson,cjohnson@example.com,+12145550253,Tulsa,OK
p97d275,Laura Wilson,laurawilson@yahoo.com,+12145550097,Austin,TX
p1549d276,Mike Garcia,mikegarcia@yahoo.com,,Frisco,TX
p1333d277,Daniel Johnson,danieljohnson@yahoo.com,+12145551333,Dallas,TX
p1927d278,Dan Moore,danmoore@gmail.com,+12145551927,Tampa,FL
p255d279,Daniel Nguyen,danielnguyen@yahoo.com,,Atlanta,GA
p919d280,Mike Hall,mikehall@gmail.com,+12145550919,Atlanta,GA
p610d281,Karen Anderson,karenanderson@yahoo.com,+12145550610,Miami,FL
p1172d282,N. Davis,ndavis@outlook.com,,Tulsa,OK
p1509d283,Thomas Martinez,thomasmartinez@yahoo.com,+12145551509,Atlanta,GA
p10d284,Jim Patel,jimpatel@outlook.com,+12145550010,Phoenix,AZ
p928d285,Daniel Martinez,danielmartinez@yahoo.com,,Dallas,TX
p694d286,C. Garcia,cgarcia@gmail.com,+12145550694,Tulsa,OK
p483d287,Carlos Wilson,carloswilson@outlook.com,+12145550483,Denver,CO
p1649d288,A. Wilson,awilson@example.com,,Austin,TX
p1527d289,Sarah Garcia,sarahgarcia@gmail.com,+12145551527,Atlanta,GA
p1191d290,A. Johnson,ajohnson@example.com,+12145551191,Frisco,TX
p1158d291,Karen Garcia,karengarcia@gmail.com,,Austin,TX
p1463d292,L. Hall,lhall@outlook.com,+12145551463,Tulsa,OK
p1920d293,Amy Johnson,amyjohnson@example.com,+12145551920,Atlanta,GA
p1285d294,A. Smith,asmith@example.com,,Frisco,TX
p1362d295,Amy Young,amyyoung@outlook.com,+12145551362,Frisco,TX
p1092d296,M. Davis,mdavis@gmail.com,+12145551092,Plano,TX
p1219d297,Angela Smith,angelasmith@example.com,,Phoenix,AZ
p478d298,M. Garcia,mgarcia@example.com,+12145550478,Plano,TX
p717d299,Laura Davis,lauradavis@outlook.com,+12145550717,Austin,TX
